superior_frontal_gyrus_left,superior_frontal_gyrus_right,orbitofrontal_cortex_left,orbitofrontal_cortex_right,dorsolateral_frontal_cortex_left,dorsolateral_frontal_cortex_right,paracentral_lobule_left,paracentral_lobule_right,postcentral_gyrus_left,postcentral_gyrus_right,dorsolateral_parietal_cortex_left,dorsolateral_parietal_cortex_right,precuneus_left,precuneus_right,anterior_cingulate_cortex_left,anterior_cingulate_cortex_right,posterior_cingulate_cortex_left,posterior_cingulate_cortex_right,isthmus_cingulate_cortex_left,isthmus_cingulate_cortex_right,lateral_temporal_cortex_left,lateral_temporal_cortex_right,mesial_temporal_cortex_left,mesial_temporal_cortex_right,lateral_occipital_cortex_left,lateral_occipital_cortex_right,pericalcarine_cortex_left,pericalcarine_cortex_right,lingual_gyrus_left,lingual_gyrus_right,cuneus_left,cuneus_right,insula_left,insula_right,cerebellar_cortex_left,cerebellar_cortex_right,thalamus_left,thalamus_right,caudate_left,caudate_right,putamen_left,putamen_right,globus_pallidus_left,globus_pallidus_right,brainstem_wo_pons,pons,hippocampus_left,hippocampus_right,amygdala_left,amygdala_right,ventral_diencephalon_left,ventral_diencephalon_right
1.2321665,1.2588297,1.2523963,1.2371128,1.294096,1.3186946,1.332443,1.3402548,1.2348682,1.2738653,1.3124279,1.3280582,1.6265783,1.6276165,1.1769168,1.0984544,1.3695525,1.3503006,1.4154311,1.4664936,1.18868,1.2344749,1.2507381,1.238034,1.3354441,1.2887732,1.7504561,1.8285289,1.6162859,1.6268605,1.6402732,1.7781717,1.1879722,1.1815125,1.1425569,1.1129624,1.1480799,1.1686538,1.0054973,1.0089092,1.4145706,1.382628,1.1383737,1.133886,0.8965716,0.9275321,1.0130153,1.0339539,0.929736,0.968498,1.0025705,0.9975977
1.2472517,1.2679113,1.2336602,1.2708793,1.3036287,1.3015275,1.3161355,1.2873977,1.2127454,1.2269328,1.2448006,1.260112,1.6065706,1.5921478,1.1899331,1.0905793,1.3906153,1.3637215,1.462522,1.4591165,1.1661593,1.183974,1.196053,1.1740263,1.2159688,1.1690392,1.6302778,1.6842955,1.4925156,1.5255705,1.5248066,1.6937966,1.2032149,1.1791037,1.1178181,1.1041584,1.1614292,1.1497447,1.0344814,1.0097779,1.4226291,1.389671,1.1575259,1.1456969,0.90230083,0.93547165,0.9773573,0.9928346,0.9677132,0.9506173,0.96525675,0.95769566
1.0476142,1.0432048,1.0623676,1.0559103,1.0941844,1.1170024,1.1529683,1.1476347,1.0587529,1.0850683,0.95607024,0.9814893,1.1674756,1.2002724,0.9737304,0.9540811,1.1486316,1.1677111,1.1287614,1.1379893,0.9254222,0.91740805,0.99163574,0.9839732,0.9596853,0.9422929,1.4435953,1.4170002,1.2754655,1.2334572,1.2541505,1.2920107,1.0444916,1.0636109,1.0607266,1.0475919,1.0998214,1.0908251,0.99283683,0.97178847,1.4508543,1.441004,1.1770201,1.1737694,0.91486907,0.9448869,0.9955989,0.96524256,1.0024906,0.9644077,0.9568801,0.9333791
1.1070122,1.1018648,1.1110326,1.1220394,1.2010405,1.2089024,1.2053374,1.1994641,1.1455077,1.1432741,0.99467015,1.0363257,1.2275839,1.2877762,0.99428403,0.9967241,1.1999758,1.2628913,1.1934683,1.2091607,0.94472057,0.94563997,1.0104327,1.001228,0.96435225,0.96367586,1.4603163,1.4638201,1.3194962,1.2934921,1.2755061,1.3289267,1.1237229,1.1267323,1.058495,1.0663642,1.1630318,1.1432647,1.075618,1.0797939,1.7089005,1.647689,1.2972735,1.314586,0.92741,0.9354592,0.99923253,0.97963667,1.0010049,1.024783,0.99572337,0.98707277
1.2274863,1.1720624,1.1624196,1.1199361,1.2667007,1.1757762,1.3036427,1.2838887,1.2107017,1.1678461,1.1377802,1.0644062,1.337768,1.2986008,1.1174598,1.0397642,1.4322597,1.3692644,1.1916667,1.1369172,1.0270954,0.98311865,0.98142076,0.942729,1.0280235,0.9304046,1.2480913,1.2337705,1.2294481,1.1648124,1.143379,1.1761711,1.0937237,1.0181757,1.0867989,1.1106937,1.2069336,1.0979388,0.98376644,0.8759037,1.3808266,1.3733245,1.1116072,1.032369,0.9102379,0.93508595,0.8377329,0.7585331,0.789913,0.8353052,1.0099742,0.9289237
1.3350109,1.2683295,1.249772,1.190216,1.4175876,1.2491938,1.5117687,1.4472835,1.3845314,1.2814549,1.2703174,1.184436,1.5124731,1.4251394,1.2238003,1.1220186,1.5614341,1.5654995,1.3029498,1.2360655,1.1431067,1.0288976,1.0759283,0.99456584,1.1771294,1.0663017,1.3827809,1.3233156,1.3593812,1.2421038,1.3061227,1.2660556,1.2057061,1.0924587,1.1284455,1.136755,1.2339469,1.1594832,1.0345331,0.9285404,1.4905114,1.4366878,1.0955766,1.1083622,0.95642215,0.9479133,0.8849654,0.8090976,0.9024652,0.88332427,1.050593,0.97780615
1.6862427,1.6921396,1.5136695,1.5680287,1.6942213,1.7332963,1.6323663,1.5664585,1.4723259,1.5013379,1.5971526,1.5987778,1.8718033,1.8327618,1.5097566,1.4643308,1.7754451,1.7979599,1.7065535,1.7275983,1.4336752,1.4730285,1.3574778,1.3372546,1.5438707,1.5398326,1.8897238,1.9566203,1.7149316,1.7436142,1.795593,1.7336636,1.469828,1.4802921,1.2181472,1.2089285,1.3942708,1.3986806,1.4271809,1.4449594,1.8040361,1.7780101,1.2582753,1.2888899,1.0256622,0.95530826,1.1964508,1.2024058,1.0686743,1.1077747,1.125497,1.125601
1.5055455,1.4884785,1.3838224,1.3941714,1.5279702,1.5300108,1.4271852,1.3726507,1.3340749,1.3144469,1.4466382,1.4061799,1.6419121,1.592008,1.3772111,1.3283079,1.6128068,1.5814639,1.5403965,1.5083399,1.3373228,1.3263493,1.2397425,1.1991066,1.4281613,1.4333481,1.7976544,1.82153,1.6146817,1.6256287,1.6672375,1.5890495,1.3611944,1.3198323,1.2324029,1.2166765,1.3033794,1.2831428,1.3198087,1.2998686,1.5810328,1.5460068,1.1065003,1.1309314,0.9650425,0.9443399,1.0764056,1.0588973,1.0026385,1.0055474,1.0491836,1.0274397
1.2106266,1.2584223,1.2694988,1.3020407,1.2765186,1.3149347,1.2217762,1.2592037,1.1611212,1.1566643,1.155691,1.1629201,1.4154387,1.4088744,1.2311664,1.2460796,1.380831,1.4073455,1.298864,1.3905754,1.1355696,1.1485522,1.10925,1.1087546,1.1785822,1.1608562,1.5355167,1.5861075,1.335506,1.3499523,1.347961,1.3652292,1.2533549,1.2507595,1.0833415,1.070148,1.0928969,1.1037157,0.85983187,0.8898807,1.4241607,1.4363905,1.0740794,1.086062,0.8838497,0.9143281,0.9111042,0.9316575,0.918537,0.92796415,0.9267204,0.9294251
1.1736336,1.2123921,1.2350999,1.2762294,1.2348441,1.2703326,1.1473938,1.2007931,1.1216555,1.1152811,1.139404,1.1489128,1.411154,1.4109874,1.1823456,1.191298,1.3325506,1.3550869,1.2910881,1.3686434,1.098314,1.119094,1.0943214,1.0972979,1.2209156,1.2035165,1.6292514,1.687794,1.3704556,1.3744088,1.3846937,1.419395,1.2023822,1.2102361,1.0965848,1.0921557,1.0850822,1.0968934,0.83137226,0.86228484,1.4088413,1.4255021,1.064428,1.0733919,0.86530626,0.90662307,0.8930193,0.9152632,0.9050572,0.9127983,0.9215698,0.92100644
1.2887206,1.2924079,1.262803,1.2776614,1.348853,1.361378,1.3868239,1.3587841,1.2074916,1.2470543,1.3150406,1.3042827,1.6063955,1.5932512,1.1678171,1.068442,1.423616,1.4480001,1.3275297,1.3893396,1.1955495,1.1995064,1.1955843,1.1918963,1.4078845,1.3794363,1.548369,1.6288971,1.5098879,1.514851,1.5518177,1.5852028,1.1854366,1.1957309,1.1867658,1.1927747,1.0451117,1.0581793,0.9453232,1.0099604,1.3886347,1.3960313,1.0354822,1.036185,0.8693816,0.92372924,0.8529815,0.8841325,0.80897677,0.8433347,0.85347533,0.84679997
1.4565964,1.430035,1.3704028,1.379317,1.4959981,1.4902742,1.4553251,1.4289473,1.2719735,1.3111514,1.4218047,1.4028578,1.7396228,1.6884589,1.2630589,1.1440766,1.550794,1.5965993,1.4416381,1.4982917,1.2503546,1.2413617,1.2041777,1.2031747,1.4187876,1.3832026,1.5933514,1.6642823,1.5364045,1.5305508,1.5905017,1.6015265,1.2549816,1.2571422,1.2827463,1.3123844,1.1239545,1.1328179,0.9824361,1.0786254,1.5494336,1.5746212,1.0998695,1.1112677,0.8715491,0.9203067,0.83772755,0.878681,0.7890941,0.8132951,0.8775614,0.8671518
1.2026166,1.260407,1.2220731,1.2302479,1.3233395,1.2991387,1.2553543,1.177542,1.2441915,1.1225302,1.2305443,1.1686263,1.4355426,1.4009714,1.1377397,1.101931,1.2841356,1.2979659,1.3127754,1.3070657,1.1072699,1.0866474,1.0742238,1.108496,1.0724674,1.0423287,1.4173145,1.5221087,1.3306952,1.3375657,1.3287151,1.3516188,1.2588367,1.2025214,1.1071875,1.1102409,1.154342,1.099169,1.0007,0.9760238,1.591806,1.5256921,1.2046283,1.1542382,0.9057846,0.9215123,0.9366606,0.97307605,0.8992231,0.9138099,0.96536833,0.9287008
1.1346692,1.1812006,1.1691296,1.1771117,1.2335757,1.2443324,1.1691195,1.0934033,1.153746,1.1050978,1.1508673,1.1168728,1.3369138,1.3096856,1.1108888,1.0820673,1.2462624,1.2355644,1.2039591,1.2198668,1.0408403,1.0215129,1.0183572,1.0353366,1.0060512,0.9984565,1.3678653,1.5375314,1.2711015,1.2850226,1.2932243,1.3573377,1.1809179,1.1493471,1.0624686,1.0306194,1.1021619,1.0798919,0.9569515,0.95511967,1.4371562,1.4149803,1.127763,1.1033634,0.86916405,0.9128029,0.91330886,0.9172805,0.88359225,0.89257157,0.9244986,0.8933246
1.1719563,1.2153232,1.2221143,1.2382303,1.2948848,1.3257655,1.2328882,1.149232,1.2156143,1.1580905,1.2008406,1.1812472,1.4365976,1.4025688,1.1372627,1.1013794,1.2417774,1.2533741,1.3091431,1.3288356,1.0685383,1.1030133,1.0508399,1.1013733,1.0524105,1.0943946,1.451447,1.5997221,1.3174105,1.3632591,1.3023384,1.3856333,1.2362605,1.2266976,1.086394,1.1155466,1.0895821,1.11453,0.99450886,0.99461496,1.5377823,1.5081136,1.1528548,1.1635385,0.88388366,0.9180459,0.9161709,0.98171383,0.8856092,0.93233544,0.9159702,0.933539
1.2578068,1.2902987,1.242279,1.2819563,1.2984127,1.3445873,1.3168752,1.2811058,1.2043654,1.227188,1.2232099,1.240418,1.3937635,1.4081199,1.1700261,1.1675229,1.2984356,1.3077648,1.2686585,1.291488,1.0802863,1.1941439,1.2263942,1.198,1.1599224,1.1951911,1.4039679,1.4533293,1.4390821,1.4403722,1.432605,1.4045641,1.2424988,1.258617,1.0930011,1.069126,1.0774294,1.1120397,1.1237516,1.1428088,1.538567,1.5221689,1.138818,1.205051,0.93015826,0.9414263,1.0027454,1.004313,1.0350987,1.0447792,0.93137044,0.9694378
1.370966,1.3911166,1.3325933,1.3629771,1.4191328,1.3993223,1.3549112,1.2916311,1.2863349,1.2551138,1.294057,1.2717345,1.4314204,1.4289546,1.2502477,1.2148553,1.4358643,1.4023556,1.3178275,1.3512862,1.1762762,1.198467,1.2703197,1.2280551,1.1871023,1.1955441,1.3855286,1.4488405,1.4238526,1.451161,1.4110166,1.4453924,1.316191,1.2786361,1.1097206,1.1106403,1.1804436,1.2136497,1.2143335,1.1956167,1.6731901,1.605503,1.2497714,1.2219424,0.9346671,0.94166297,1.0674272,1.0326248,1.0587541,1.0019271,0.9857104,0.98245585
1.3365337,1.357298,1.3005952,1.348549,1.3878759,1.3885949,1.3597898,1.3615614,1.3069525,1.2858044,1.299469,1.2579107,1.4295225,1.4268947,1.267565,1.2454019,1.3594433,1.387998,1.3032655,1.3441249,1.182027,1.2178769,1.2716575,1.273011,1.2148259,1.2196885,1.4689012,1.488802,1.4806306,1.4874198,1.4741527,1.4773859,1.2983754,1.3268615,1.1304927,1.114895,1.147865,1.1428738,1.1758962,1.2105412,1.5883938,1.6154507,1.1964623,1.2028176,0.9579313,0.96038765,1.0530789,1.0892231,1.040882,1.0732094,0.9868006,1.0167319
1.3116181,1.3386719,1.3369935,1.325359,1.378751,1.3871074,1.231748,1.2253171,1.2395532,1.2310978,1.2450887,1.2555135,1.3407929,1.400756,1.3773191,1.318966,1.3989874,1.3972197,1.2295469,1.263941,1.1797388,1.1606205,1.1442506,1.1289741,1.1869884,1.1743617,1.5027568,1.6331079,1.4118167,1.4143372,1.3616903,1.4203154,1.3526783,1.3389335,1.0803374,1.0534283,1.1836814,1.232078,1.2448556,1.2508066,1.6181221,1.6143775,1.2386489,1.2998668,0.9463269,0.94860226,1.0790808,1.1017213,1.0673939,1.0590209,1.004675,1.03935
1.4082562,1.4476922,1.4123259,1.4347833,1.4636856,1.4895644,1.3112658,1.303103,1.330183,1.3048619,1.3313901,1.3573178,1.4160316,1.4754535,1.4484694,1.3959428,1.4811878,1.4992186,1.3074934,1.3219233,1.2247438,1.22304,1.2064523,1.2101368,1.2629136,1.2714539,1.5637367,1.6766466,1.4912683,1.5133348,1.4190389,1.5230227,1.399471,1.4192462,1.1061102,1.0943385,1.1858463,1.2569282,1.2824302,1.2777494,1.6545413,1.6623198,1.2498523,1.2913067,0.94497037,0.94455695,1.1228087,1.1089694,1.1178955,1.0824882,1.0271074,1.0463309
1.3258857,1.3783394,1.3359398,1.3590058,1.4094963,1.458604,1.2747225,1.2753345,1.2929274,1.3147495,1.2867827,1.3105178,1.3931991,1.4355682,1.351817,1.3253628,1.3799009,1.3985724,1.2906638,1.2778788,1.1760025,1.2060848,1.1586096,1.153127,1.2469884,1.2350185,1.5650502,1.6407129,1.5004449,1.4983077,1.4563043,1.5322216,1.351207,1.368384,1.0647081,1.0391921,1.1500392,1.1789871,1.265817,1.251306,1.6683018,1.622835,1.2812755,1.271334,0.934877,0.93627703,1.0914637,1.0726055,1.0524379,1.020144,1.0422056,1.0105506
1.1861598,1.2143556,1.1734887,1.1783323,1.2949026,1.304236,1.2661988,1.3218578,1.240899,1.2334685,1.2201778,1.1757338,1.3672683,1.3749157,1.0887718,1.0865103,1.2440251,1.3157005,1.2001851,1.2368417,1.1585485,1.1605976,1.1545291,1.1432805,1.3194727,1.3165177,1.5008565,1.5427035,1.4001219,1.35575,1.4339905,1.4070867,1.1940454,1.1507065,1.1590024,1.1435736,1.105011,1.1032342,0.894396,0.94031024,1.3990347,1.4068677,1.0633715,1.0979704,0.945042,0.9436914,0.93918407,0.9786933,0.9205043,0.9504828,0.98322034,0.97463197
1.1573994,1.1930535,1.0986373,1.127024,1.214513,1.3117911,1.2197249,1.2999504,1.1673293,1.2204889,1.1425817,1.1899549,1.2879387,1.3583475,1.0600091,1.0582336,1.1865708,1.3118818,1.1755382,1.2325714,1.0494776,1.1949865,1.0741786,1.1317827,1.2511882,1.3210288,1.3541542,1.5335941,1.2588058,1.3091816,1.3206967,1.3636086,1.1226308,1.1696746,1.1137159,1.150711,1.0766826,1.1073847,0.9234049,0.96265346,1.3639238,1.401345,1.0085305,1.0578792,0.88434595,0.9392708,0.8966532,0.96726793,0.86648434,0.9163088,0.8931499,0.94371706
1.1600561,1.1842843,1.1285352,1.1150457,1.2802644,1.275946,1.254784,1.2848991,1.231047,1.218544,1.2302647,1.1842445,1.3496428,1.3611987,1.0650806,1.0296068,1.2028272,1.3000697,1.1511443,1.2071003,1.143908,1.1394361,1.1135795,1.1042675,1.2975233,1.3052442,1.427979,1.4891226,1.3256196,1.2889605,1.4067852,1.3981129,1.1754941,1.1260554,1.1561887,1.1245943,1.0428665,1.0466857,0.881799,0.9188475,1.3557327,1.3312145,1.0104395,1.0259893,0.88003093,0.9328832,0.8919544,0.91543263,0.83812994,0.87345004,0.90088445,0.9020299
1.21994,1.2304335,1.1693429,1.2200743,1.3013794,1.27397,1.1714181,1.2064173,1.1924204,1.1751907,1.1831537,1.1765974,1.4561138,1.4201015,1.2162141,1.159095,1.3486269,1.3507355,1.3619262,1.3336353,1.1159484,1.0830238,1.0895268,1.0942122,1.095875,1.0590638,1.4831488,1.3911504,1.3250437,1.2795503,1.3814605,1.3287946,1.2247019,1.1930425,1.1103144,1.093964,1.1575387,1.1192625,1.1621242,1.1380703,1.4941629,1.4889228,1.1292573,1.1714319,0.9276563,0.9402881,1.0181901,1.0180911,0.9776563,0.9959312,0.9614603,0.9542099
1.2250729,1.232134,1.187674,1.1735138,1.3075596,1.2605323,1.1969118,1.2243992,1.1858817,1.1464461,1.1687772,1.1290613,1.3846537,1.3387579,1.2000384,1.1201986,1.3115567,1.3084563,1.3131198,1.2712444,1.0895697,1.064224,1.1049877,1.0459461,1.0512938,0.9651834,1.4226812,1.2863129,1.3243644,1.1962298,1.3090793,1.2228191,1.2325399,1.179818,1.1285965,1.1240855,1.171255,1.0817045,1.1556857,1.1158028,1.454192,1.4300817,1.1403046,1.1057442,0.925863,0.9448636,1.0241536,0.9653362,0.9969384,0.952771,0.9619256,0.9039709
1.1528134,1.168004,1.2014915,1.1781398,1.2144387,1.2340585,1.1556041,1.1557013,1.14514,1.1739049,1.1499137,1.1804191,1.3036017,1.3342656,1.1183984,1.1161926,1.2686266,1.2784036,1.1994505,1.2209935,1.1066431,1.1190101,1.1880612,1.158252,1.1883919,1.2220898,1.3947351,1.5307404,1.3237396,1.3947024,1.3106894,1.3175522,1.0946938,1.1313941,1.1267014,1.1098067,1.1321585,1.1375101,1.0500062,1.0591707,1.4184853,1.4179618,1.1279439,1.157583,0.9416956,0.9367889,1.0235369,1.0050788,1.0342058,1.0109289,1.0314248,1.0343606
1.2262809,1.2575314,1.2582574,1.2241007,1.2948952,1.3066356,1.2374673,1.2487766,1.2254858,1.2390392,1.1883662,1.2289267,1.4680728,1.4615471,1.211892,1.2249774,1.4022115,1.4638038,1.3493916,1.3941565,1.1296741,1.1432548,1.212742,1.180983,1.2571815,1.2613233,1.7691537,1.8058604,1.6089017,1.5855081,1.5289389,1.4304156,1.1582136,1.1671879,1.2157587,1.1800108,1.260588,1.2505169,1.0921898,1.140324,1.4972303,1.4924309,1.230576,1.2182865,1.013807,0.9492672,1.0660768,1.0101335,1.0288389,0.9810733,1.1286728,1.08761
1.1418115,1.1589364,1.2279419,1.2001166,1.2089092,1.2387395,1.0780553,1.07802,1.1139688,1.1221253,1.1285824,1.1690185,1.3226243,1.33568,1.1399027,1.1285007,1.2595958,1.2900609,1.2759378,1.3002081,1.1103526,1.1237364,1.1902721,1.1632148,1.1787344,1.2347821,1.555098,1.6128055,1.4542184,1.4663454,1.3673575,1.2983582,1.1374047,1.15991,1.1190174,1.1161969,1.2233734,1.1925987,1.112265,1.0837189,1.4750441,1.4687107,1.209374,1.2139343,0.95970833,0.9401192,1.056031,1.0021317,1.0481794,0.99459565,1.1125498,1.0589604
1.2312362,1.206089,1.2301114,1.1996988,1.3016559,1.2926332,1.2144666,1.1897904,1.1910633,1.1627624,1.1773807,1.1560215,1.4192493,1.3572786,1.0987054,1.1174302,1.2534353,1.2104166,1.3464416,1.3596381,1.1494627,1.1532043,1.1582485,1.1601244,1.2649133,1.2608134,1.6709002,1.5421249,1.4940828,1.4414842,1.5237867,1.4483062,1.1137174,1.1595768,1.085349,1.0884657,1.0579805,1.0881547,0.93036526,0.95230824,1.3952098,1.4162836,1.0780894,1.1335405,0.930084,0.93307334,0.9197872,0.9239198,0.89379376,0.9086774,0.9011832,0.924545
1.3499277,1.3302932,1.3284302,1.3199677,1.3966885,1.4061888,1.227923,1.208178,1.2428248,1.2348131,1.2445935,1.24822,1.486519,1.4419283,1.1893944,1.219639,1.3004177,1.2542658,1.4075103,1.4187546,1.2057846,1.2245274,1.2173475,1.2118517,1.3914362,1.3505371,1.7887492,1.6276656,1.5809457,1.4655433,1.6044751,1.5550271,1.1556633,1.2061669,1.1447532,1.1523465,1.116461,1.1159091,0.9960386,0.9944446,1.4864457,1.4903411,1.1441712,1.149168,0.9199577,0.92463154,0.96508133,0.97242534,0.9574941,0.9370967,0.9407469,0.93914413
1.396648,1.3567764,1.3667462,1.3223695,1.4368138,1.4388663,1.2733823,1.2209911,1.2973349,1.2817352,1.2664294,1.2548654,1.5001967,1.4355044,1.2562622,1.2570157,1.3301061,1.2592056,1.4117056,1.4172177,1.2415384,1.2503481,1.2372689,1.2120605,1.3689337,1.3392768,1.8467168,1.7652388,1.5893081,1.512057,1.6161016,1.5881006,1.1976712,1.254784,1.1793002,1.1877825,1.1893471,1.1442978,1.0582618,1.0458705,1.5458021,1.5641778,1.242236,1.2369709,0.9275433,0.9270338,1.0027055,0.9813009,1.0173389,0.96464366,0.9911623,0.9421785
1.288232,1.3191553,1.2395011,1.2345554,1.2986974,1.3086681,1.2939786,1.2683332,1.1966109,1.1797273,1.1959605,1.1806551,1.4865133,1.4604671,1.2221391,1.1968818,1.3393674,1.382057,1.3121579,1.3390166,1.1345174,1.0994239,1.157923,1.1010381,1.1617161,1.1647663,1.6390212,1.7686907,1.4770582,1.5104373,1.3896059,1.4079394,1.2566762,1.1980363,1.2133614,1.1991639,1.1545302,1.1721113,1.0887241,1.0630077,1.5760846,1.558486,1.2401134,1.2434573,0.9011242,0.9268625,0.9680537,0.93396187,0.9416692,0.92521,0.9256536,0.936707
1.296188,1.3058258,1.188319,1.1646217,1.2691973,1.3089818,1.3298854,1.3443674,1.183936,1.185946,1.1560024,1.1591256,1.4450532,1.4328876,1.2155195,1.1810569,1.2968737,1.3795213,1.2620738,1.2780083,1.0828658,1.0748466,1.1359621,1.063095,1.062778,1.0828788,1.4065049,1.4458226,1.3153685,1.3116071,1.2592204,1.2625899,1.2086735,1.181677,1.1651317,1.1444513,1.1037633,1.129935,1.0437553,1.0192885,1.4979976,1.5104212,1.2110668,1.2006218,0.88753223,0.92916006,0.974878,0.92393136,0.9923775,0.9266441,0.9591774,0.94546115
1.337593,1.3524181,1.2165223,1.2015442,1.3421621,1.3532751,1.4319925,1.4127779,1.2640694,1.2511804,1.2850337,1.2642676,1.5794166,1.5384346,1.224368,1.172692,1.370133,1.3760232,1.3017224,1.3487201,1.1625398,1.0743716,1.1700598,1.0984089,1.2079118,1.1879451,1.6361637,1.7141876,1.462253,1.486404,1.401669,1.4115458,1.240601,1.1715513,1.2581393,1.2199217,1.1247858,1.1291137,1.040299,1.0193131,1.5230498,1.5497626,1.2025074,1.2806511,0.93453443,0.93843675,0.9885678,0.9512277,1.0126219,0.95684534,0.97999305,0.9839662
1.0751853,1.1104959,1.0750318,1.1383976,1.1122142,1.173183,1.1577524,1.1397333,1.0236069,1.0761324,1.076023,1.1137567,1.4015719,1.4066651,0.99997103,0.9800224,1.2402412,1.2082776,1.2747056,1.331523,1.0201875,1.0283234,1.0166146,1.0411116,1.1086028,1.1127108,1.3613795,1.4458344,1.3356386,1.323848,1.2723109,1.2787418,1.0485482,1.0612532,1.0712165,1.1000091,1.0506114,1.0485748,0.7880589,0.79995596,1.3753183,1.3924607,1.0400696,1.0830822,0.88477486,0.9146862,0.8798057,0.9279292,0.87787056,0.91129744,0.90042543,0.92806315
1.1019801,1.1054721,1.1178408,1.1689627,1.1778375,1.1337422,1.1792645,1.1293511,1.0855641,1.0540928,1.0918148,1.0485771,1.3915443,1.4072732,1.0304412,1.0057256,1.2339962,1.223625,1.2900337,1.329168,1.0349215,0.967467,1.0009384,1.0053957,1.086697,1.0800035,1.4513195,1.5301831,1.376719,1.3724271,1.314297,1.3144075,1.0855112,1.0658715,1.1155821,1.1256568,1.1162704,1.0831308,0.80877846,0.7899126,1.471538,1.3722264,1.1391711,1.0774751,0.8999141,0.9057632,0.8629898,0.92529476,0.86802906,0.91393,0.9327361,0.9627523
1.3087409,1.3576804,1.2296643,1.3074725,1.296951,1.39921,1.4300263,1.4805187,1.1918203,1.2619554,1.2105843,1.2694458,1.5565945,1.5301908,1.2017187,1.2037076,1.5143234,1.5506856,1.327948,1.3794124,1.068258,1.1677974,1.1447155,1.1589677,1.1866708,1.2216212,1.3793794,1.4173397,1.3234713,1.3449216,1.3458742,1.4125437,1.1357329,1.2038968,1.1734643,1.197891,1.1321632,1.1578918,0.9267408,1.0045127,1.4138923,1.4239638,1.0693637,1.107917,0.9519125,0.9674494,0.9463052,0.99196035,0.88967294,0.9201699,0.9378492,0.94168746
1.4053774,1.4418889,1.2868936,1.3567632,1.4094757,1.4619673,1.519727,1.5550724,1.2929854,1.3223222,1.2649261,1.3163297,1.5823686,1.5839311,1.2590059,1.2550871,1.5802716,1.6269941,1.3598143,1.3715365,1.094355,1.1821171,1.1114385,1.1272846,1.1846046,1.2719816,1.3347546,1.45348,1.3270503,1.3413106,1.3705249,1.4621357,1.199911,1.2216048,1.1814917,1.2021439,1.1475475,1.1954117,0.98227286,1.0623963,1.4827033,1.4900573,1.1184973,1.2248563,0.94386494,0.96095794,0.9212751,0.94389075,0.9190527,0.9355518,0.9662334,0.9555944
1.5703117,1.5773127,1.3118085,1.3442105,1.5576819,1.5355667,1.7042804,1.7332622,1.5068057,1.437973,1.4339007,1.4019797,1.8148978,1.8095039,1.378702,1.3559387,1.7864414,1.7972342,1.5045058,1.5785813,1.1669549,1.2035491,1.2125667,1.1646421,1.2977923,1.3321638,1.5213748,1.6051066,1.4458144,1.4672358,1.516057,1.6235292,1.2417794,1.2596468,1.2956843,1.3035104,1.237034,1.2262152,0.9863343,1.0399388,1.5448886,1.5556885,1.1472253,1.2153387,0.97918075,0.9621798,0.92125356,0.94272083,0.8472607,0.8880255,0.97458637,0.961161
1.4694746,1.4324847,1.5840794,1.5622271,1.6146038,1.4961039,1.4606894,1.3892417,1.3497423,1.2996453,1.355275,1.3031079,1.6358429,1.5882169,1.3602688,1.3297794,1.6176877,1.6488276,1.615346,1.6039681,1.3775299,1.24898,1.2347724,1.2186978,1.3382893,1.2725643,1.6560795,1.688541,1.4981887,1.4145675,1.5511259,1.5337808,1.4351758,1.4551892,1.3409874,1.3091527,1.3401389,1.4071512,0.9804248,1.0763029,1.8736824,1.8943284,1.3313265,1.397443,0.9256953,0.91857815,1.117175,1.1044823,1.1221023,1.089412,1.0306948,1.0466717
1.4323083,1.410012,1.417422,1.4089774,1.4988465,1.4031795,1.3842902,1.2947975,1.2578397,1.2208602,1.2211457,1.1979027,1.4181072,1.3876159,1.3305995,1.2651322,1.5238862,1.4957471,1.4400551,1.3958108,1.1971909,1.1346482,1.0794919,1.0751038,1.1687222,1.1359551,1.3778684,1.423116,1.3237275,1.2356954,1.3163706,1.2980287,1.2532305,1.2712353,1.1742333,1.1396887,1.1914705,1.1564977,0.8998548,0.972425,1.6560398,1.5896543,1.1894641,1.1774595,0.8589334,0.9092147,0.97149783,0.94681835,0.9363702,0.8978205,0.94179696,0.91744196
1.3206929,1.3195293,1.4973032,1.5103236,1.3661145,1.3807207,1.2532125,1.2397705,1.1443714,1.1779155,1.1539227,1.1930513,1.4138801,1.4143919,1.2793692,1.2350769,1.4638792,1.4797654,1.4700732,1.4938259,1.2119495,1.2079153,1.1244085,1.1465334,1.1337098,1.1320077,1.4081458,1.4680877,1.339736,1.2828193,1.3560053,1.3304741,1.3376383,1.3522049,1.2179343,1.2377762,1.3149515,1.3101585,1.0025207,1.0797026,1.7590207,1.741407,1.276144,1.3511351,0.9181196,0.9220608,1.0387132,1.0580697,1.0149313,1.0733967,1.0419405,1.0282621
1.3738973,1.3968194,1.3865527,1.4413322,1.3620077,1.4580556,1.3386215,1.412928,1.1949086,1.2852192,1.240055,1.2589129,1.5097572,1.4623009,1.1710315,1.1406866,1.4133493,1.4811023,1.1891737,1.2406255,1.1097198,1.2038413,1.1079742,1.1567184,1.1966794,1.2188323,1.3909637,1.4579353,1.3174225,1.3303738,1.3641994,1.3186613,1.1613028,1.2488432,1.0449541,1.0466388,1.0386586,1.0418464,0.78361964,0.7872843,1.4916407,1.514327,1.0918453,1.1730365,0.8415588,0.91763747,0.8815389,0.9432178,0.90762824,0.9837969,0.8747791,0.88754314
1.2999631,1.2880069,1.3258412,1.2944163,1.325441,1.306702,1.2664393,1.3312724,1.1525418,1.1901354,1.197916,1.1722869,1.48749,1.3766161,1.1263288,1.0892884,1.378043,1.4308568,1.2583526,1.2377601,1.0875263,1.0580921,1.0907614,1.0485268,1.162442,1.1352779,1.3418472,1.3523428,1.3294362,1.2299508,1.3228728,1.2208624,1.2041564,1.1489123,1.1086986,1.0395309,1.1118011,1.1019001,0.7950547,0.7638028,1.4820589,1.4137346,1.1245687,1.1253196,0.8783331,0.91917664,0.8969503,0.88139343,0.9334644,0.92920655,0.9135075,0.9311316
1.396387,1.3800622,1.3992002,1.3982913,1.3901894,1.3647231,1.311133,1.3817738,1.2209693,1.2389529,1.2735151,1.2224169,1.5100276,1.4224867,1.1923305,1.1442771,1.4144495,1.4842454,1.2410517,1.2764034,1.1782944,1.1548278,1.1462601,1.1431066,1.2722087,1.2260176,1.328171,1.3853039,1.3512964,1.3094594,1.3799415,1.3117975,1.2306037,1.2047343,1.109723,1.0939782,1.0671499,1.0928531,0.8688962,0.8540222,1.494283,1.4527729,1.1547636,1.1689204,0.87445444,0.9273368,0.9080755,0.9406214,0.9640042,0.9895665,0.9388461,0.9274499
1.1739826,1.1591865,1.1414309,1.1176901,1.2389551,1.2021286,1.2902898,1.2993885,1.2242209,1.1685976,1.1805369,1.0984793,1.3921778,1.3697506,1.1109334,1.0297203,1.1946517,1.1743394,1.1911341,1.1759915,1.0390612,0.9296665,1.1228583,1.0143787,1.1437794,1.142834,1.679082,1.7194582,1.4951446,1.4625899,1.4472394,1.3493295,1.1241475,1.0407493,1.2324284,1.2232344,1.1150218,1.0907407,0.8797303,0.8936186,1.3578029,1.3821068,1.081025,1.1200849,0.96288574,0.93846554,0.86106205,0.7461658,0.84439695,0.7263642,0.91706383,0.90247047
1.1562607,1.1445209,1.1218351,1.0897624,1.2073222,1.2111233,1.2613404,1.2675037,1.2018638,1.1920694,1.1468713,1.1189669,1.3487731,1.3468319,1.1111469,1.0249145,1.19479,1.1810479,1.1449594,1.0946609,1.0236715,0.9312911,1.0860823,0.9921667,1.2067627,1.1858547,1.591605,1.6207279,1.4584835,1.4211006,1.441264,1.3453579,1.0986367,1.0308489,1.1358764,1.1338085,1.0761491,1.044982,0.8985881,0.90548366,1.4007885,1.4060866,1.078642,1.1172751,0.94914,0.9356833,0.8281958,0.71615297,0.81542325,0.7302642,0.9146053,0.9016393
1.203348,1.1997303,1.1627698,1.1654799,1.2180544,1.2112545,1.2586662,1.27877,1.1617919,1.1620833,1.1750133,1.1281015,1.4070925,1.3932894,1.114343,1.0537318,1.2262728,1.2216429,1.265632,1.2726309,1.0800754,1.0135635,1.1398278,1.0558743,1.2129445,1.2103065,1.5812461,1.5917267,1.4689286,1.4411048,1.4443089,1.3447121,1.1304243,1.0952752,1.1980494,1.2036836,1.070154,1.1003029,0.93666106,0.970012,1.3099515,1.4009006,1.011853,1.1459692,0.9788726,0.9501613,0.90898776,0.8831758,0.9183202,0.88333124,0.897917,0.94705033
1.193279,1.2114854,1.1851467,1.1957349,1.2156541,1.2252259,1.2573758,1.2868235,1.1697485,1.1646473,1.2350568,1.1696119,1.4542499,1.422054,1.1007668,1.0511035,1.2257057,1.2401005,1.2899089,1.2729738,1.1109749,1.0483617,1.1426257,1.0868242,1.2441859,1.2639104,1.6586019,1.7200061,1.5275136,1.5119603,1.5169334,1.4197401,1.1273817,1.0981026,1.2263544,1.2423253,1.115556,1.1199709,0.9683093,0.98523676,1.2985888,1.3394889,1.0503775,1.1093119,0.9827172,0.9488517,0.8904308,0.87738645,0.8853761,0.8898848,0.92662424,0.9560974
1.3034351,1.282323,1.313923,1.3037816,1.3745388,1.3807518,1.2013588,1.1879338,1.231542,1.2394406,1.2479374,1.2503468,1.4237635,1.4225048,1.171522,1.139036,1.2822596,1.2717175,1.3273574,1.3477191,1.18269,1.181577,1.1455368,1.1228708,1.1666387,1.1502019,1.3728985,1.36691,1.3187168,1.2741977,1.294613,1.2626637,1.2634318,1.264167,1.0834485,1.0718542,1.1020752,1.1028055,1.0873269,1.0993155,1.4552768,1.4208473,1.0768195,1.0774096,0.9164121,0.9368547,0.96341157,0.948129,0.9547104,0.92444915,0.94616187,0.9280261
1.3052403,1.2847098,1.2363204,1.2419957,1.3702849,1.3573204,1.1913476,1.1648573,1.2209941,1.2116579,1.2654049,1.2396035,1.446476,1.4329436,1.1842335,1.151621,1.2821536,1.2756001,1.3205652,1.3367093,1.170763,1.1298662,1.119395,1.1142697,1.1279745,1.1118435,1.4209388,1.3740536,1.3210895,1.2670571,1.3028672,1.2642392,1.2674088,1.2451164,1.0725024,1.0707011,1.0922338,1.1125383,1.0596932,1.054083,1.4290959,1.3834515,1.0667758,1.0593385,0.89882797,0.9376088,0.94106764,0.93881625,0.9396659,0.92659324,0.9268826,0.9098682
1.2886904,1.2647092,1.2494129,1.270724,1.3142787,1.3286582,1.1555871,1.1475495,1.1741232,1.1774187,1.1861678,1.1942174,1.3565279,1.3712277,1.1423457,1.1216954,1.1925212,1.220633,1.2721952,1.2952305,1.14545,1.134791,1.0902458,1.0932232,1.0511197,1.0639402,1.3118383,1.3086277,1.2486991,1.2197694,1.1980063,1.1924244,1.2177583,1.216202,1.0539541,1.0426683,1.0441658,1.0899721,1.050056,1.068968,1.3997397,1.3925046,1.030433,1.0373667,0.8926362,0.93250614,0.9130239,0.92982125,0.90600955,0.93775374,0.89094734,0.8864065
1.38656,1.356415,1.3250657,1.3024334,1.4240037,1.4209238,1.2539898,1.2442932,1.263484,1.2674356,1.3069756,1.2995628,1.5050011,1.4941313,1.2509634,1.196876,1.3342328,1.3367857,1.4067312,1.4116296,1.1995826,1.205128,1.171724,1.1594371,1.1615056,1.1681494,1.5621114,1.548106,1.4046085,1.363726,1.4209905,1.3808111,1.3031896,1.2621858,1.1131538,1.1088575,1.2027278,1.1585394,1.1543875,1.1277548,1.4840207,1.4238015,1.1208918,1.0904583,0.9299546,0.9391637,0.9807436,0.97069085,0.95489275,0.96639985,0.98369914,0.9485977
1.45285,1.4528394,1.3788625,1.3729411,1.500626,1.4466612,1.3015779,1.2353641,1.2962532,1.2515116,1.2935504,1.2477021,1.6058877,1.5428762,1.3706675,1.3556892,1.4659685,1.4713913,1.5230347,1.5226772,1.2075272,1.1985433,1.2185692,1.1850601,1.1112705,1.1206464,1.4476923,1.5435218,1.4171926,1.4438132,1.3687062,1.350663,1.3786114,1.3897958,1.1184218,1.131802,1.2754236,1.2829974,0.9935987,0.9879213,1.5455278,1.5307251,1.2029022,1.2795146,0.94800186,0.9388721,1.0842465,1.0225756,1.0112466,0.98914236,1.0050216,1.0134116
1.3929669,1.3779259,1.3212867,1.3408002,1.3953506,1.3883222,1.2549801,1.2033451,1.2285914,1.2220511,1.2305028,1.2283356,1.45214,1.3906481,1.3450954,1.2988636,1.3319145,1.3602122,1.3786904,1.3962578,1.1796889,1.1999893,1.167534,1.186085,1.1181277,1.1157048,1.4737568,1.5267717,1.3681267,1.391093,1.3524909,1.3097835,1.3169949,1.333549,1.115267,1.1290455,1.2083735,1.2180934,0.9846535,1.0224235,1.4735097,1.4496068,1.1582778,1.2115321,0.93822265,0.9417891,1.0622503,1.0774106,1.0303409,1.0299028,0.98234427,0.9943149
1.5186737,1.5286006,1.449892,1.4928337,1.4865409,1.5878034,1.3245418,1.2710003,1.2847632,1.3503898,1.3156058,1.3496922,1.6625081,1.5845747,1.4053926,1.3613,1.4800057,1.4982252,1.5481151,1.5823104,1.2357306,1.3009384,1.2104492,1.2435403,1.0710672,1.1119229,1.3776071,1.4672316,1.340686,1.3834796,1.3664298,1.3334948,1.3989065,1.4750504,1.1116668,1.1348803,1.2525473,1.2319142,0.99595267,1.0571101,1.6118649,1.630821,1.187364,1.230187,0.9150073,0.9280328,1.0487386,1.1000193,1.0002396,1.0365505,0.9602425,0.956257
1.43231,1.4278374,1.3581191,1.3563441,1.4858638,1.4516734,1.2519385,1.20372,1.2681153,1.2118591,1.2980089,1.251875,1.5541991,1.483147,1.3236722,1.2990751,1.4088024,1.4166842,1.4477895,1.478755,1.2166175,1.1836121,1.1944197,1.1556576,1.1000631,1.0860133,1.4744105,1.513665,1.3662541,1.3635143,1.3821625,1.3164927,1.3374101,1.3400083,1.1501791,1.1409194,1.2493333,1.2400541,1.011092,1.0043112,1.4994708,1.4727548,1.2046993,1.180398,0.9431128,0.9356061,1.0909188,1.0098084,1.0597249,0.98834693,1.0379437,0.968438
1.3012885,1.3278236,1.2083087,1.2073015,1.3393384,1.3421377,1.3835267,1.3600001,1.235651,1.2151198,1.2534589,1.21416,1.4273041,1.4472463,1.2515942,1.2456487,1.3980886,1.4327605,1.2935923,1.310515,1.1536857,1.1486565,1.1814437,1.1564916,1.2245269,1.2078279,1.5021929,1.5181353,1.3970677,1.4052122,1.4223773,1.3848672,1.2045931,1.2096639,1.2040358,1.2036058,1.0984871,1.1190169,1.0528018,1.0743017,1.4964095,1.5014812,1.1167662,1.144979,0.92623574,0.9285234,1.0132027,1.0258259,0.9700054,0.9503109,0.94481707,0.9530753
1.2789397,1.3292674,1.1905761,1.227348,1.2936119,1.3365606,1.3473262,1.3382298,1.2023335,1.1945273,1.2336133,1.1619071,1.3927181,1.3957502,1.22872,1.2413672,1.3945192,1.4424254,1.3206902,1.2995436,1.1166518,1.1273623,1.1506809,1.1239938,1.1900269,1.1524326,1.4988275,1.4600275,1.4057194,1.3439919,1.3749375,1.331789,1.1797227,1.174782,1.1864183,1.1852148,1.0955207,1.1078994,1.0636154,1.1064563,1.5282574,1.5443258,1.1054595,1.1699857,0.92356193,0.92608714,1.0054765,0.999747,0.93321663,0.9376931,0.9449635,0.95605403
1.3452111,1.3758466,1.2769718,1.2825254,1.3610157,1.3845774,1.3696992,1.3587409,1.2195004,1.2159336,1.2519054,1.2220942,1.4504333,1.4553145,1.2823279,1.2855654,1.4423019,1.475285,1.3387401,1.3169913,1.1725293,1.1794311,1.1655816,1.16216,1.1918612,1.1767013,1.4824363,1.5013531,1.3815509,1.3768624,1.419458,1.3643332,1.2296174,1.2702205,1.2298803,1.2471203,1.1378244,1.1558255,1.0768918,1.1251763,1.5725334,1.582669,1.1799603,1.2084527,0.9448464,0.93521833,1.0127921,1.0258595,0.93709475,0.95508814,0.9859151,0.9802845
1.4084148,1.4470007,1.3229444,1.3188192,1.443116,1.4466273,1.4712653,1.4552929,1.3056462,1.2740405,1.3578442,1.2955468,1.5642778,1.5656,1.3304577,1.3237512,1.5075802,1.5503289,1.4316761,1.4155649,1.2217884,1.2096013,1.2397312,1.2382039,1.4056743,1.3456318,1.7395418,1.7436703,1.6095635,1.5767685,1.5805471,1.4944558,1.295258,1.3002075,1.3561099,1.3375793,1.2264584,1.2384437,1.1503619,1.1914744,1.6562657,1.6620066,1.2201964,1.2555428,0.9969283,0.94812965,1.0603404,1.0576912,0.97494185,0.9586821,1.0173988,1.0278925
1.1979624,1.2021533,1.1816862,1.1605791,1.2919251,1.2748104,1.2627405,1.2744524,1.1376249,1.1141216,1.2299479,1.186267,1.4518135,1.4197035,1.1073879,1.0374218,1.3927003,1.4133232,1.3349918,1.3568646,1.1588285,1.1355903,1.0853585,1.0877022,1.1613069,1.1592208,1.3855897,1.3883593,1.3165567,1.2903614,1.284508,1.3148428,1.1491508,1.1190295,1.1101338,1.1188915,1.1710677,1.157505,0.9154375,0.9610502,1.3798732,1.3847392,1.0528356,1.0406605,0.904664,0.9239295,0.9176195,0.9003814,0.88775617,0.9014646,0.9305995,0.92642194
1.2777609,1.2885958,1.2364012,1.2186552,1.3633982,1.3438799,1.3491728,1.369137,1.1896914,1.2142347,1.2601235,1.2683091,1.503038,1.486523,1.2060876,1.128046,1.4647937,1.47877,1.3769002,1.4089029,1.1792732,1.2204485,1.1091068,1.1482233,1.203414,1.2612096,1.4646866,1.5113157,1.3642664,1.3830454,1.3566684,1.4138267,1.1869634,1.1886173,1.1294421,1.1531937,1.220882,1.2348799,1.0166959,1.0425274,1.4453396,1.4690481,1.0802078,1.0938044,0.9431451,0.9354112,0.9483257,0.95361036,0.91195285,0.9660232,0.9688102,0.9857785
1.3311545,1.2961286,1.2645727,1.222971,1.4502988,1.329777,1.3364636,1.3553354,1.2251269,1.1885471,1.321945,1.2931858,1.5789325,1.537611,1.2171383,1.1459281,1.5167841,1.5118936,1.4772016,1.493219,1.2273694,1.2223878,1.1179553,1.1516193,1.2344475,1.2711035,1.5063133,1.5438905,1.4046863,1.4119303,1.3849012,1.4290626,1.2464615,1.1776077,1.1796926,1.1937635,1.2839886,1.2732117,1.022044,1.0445771,1.4827785,1.5095682,1.1276878,1.0981734,0.92796963,0.9344923,0.9601563,0.94850683,0.92498875,0.94068795,0.99585783,0.99266315
1.3072686,1.3112184,1.2617294,1.2450345,1.4005233,1.3798118,1.3657751,1.38545,1.2123976,1.2100326,1.3362391,1.2983018,1.57707,1.5354401,1.2000462,1.103384,1.5070755,1.5208261,1.4472972,1.4702097,1.2340485,1.2061692,1.1492908,1.1462189,1.2542859,1.2501935,1.4661809,1.5065728,1.4060478,1.392619,1.3736026,1.4277306,1.2197891,1.1796166,1.1757317,1.1817071,1.2728678,1.2665875,0.97882783,1.0180407,1.4584688,1.4672692,1.1234425,1.1141067,0.9453472,0.9310635,0.9515181,0.9481218,0.92846394,0.920557,1.0053676,1.0010324
1.4397088,1.4275986,1.3265219,1.3167491,1.4525322,1.4492981,1.3158555,1.3351787,1.2895287,1.2743809,1.3165647,1.2592363,1.5652041,1.5556594,1.3522584,1.353776,1.4870602,1.5319866,1.4170129,1.4248447,1.2378541,1.2002926,1.2263446,1.1474363,1.2532136,1.224339,1.7062964,1.7774556,1.522795,1.5573344,1.5034823,1.4865139,1.3571179,1.2788874,1.1210514,1.082029,1.2659866,1.2423971,1.1629885,1.1259973,1.517338,1.4138982,1.1680659,1.1207373,0.9453367,0.9306616,1.0488938,0.9583875,1.0381744,0.9726669,1.0095352,0.9886699
1.419389,1.4177405,1.3300959,1.3024466,1.424563,1.4504067,1.325887,1.3242815,1.2638873,1.2854571,1.281857,1.2493675,1.5304137,1.5170767,1.3662113,1.3626206,1.4883049,1.5246044,1.4032333,1.411266,1.2040253,1.1663694,1.1788998,1.123146,1.1697332,1.1546398,1.6349102,1.7079512,1.4637915,1.5154169,1.4436955,1.4678086,1.3281401,1.2998893,1.0857317,1.0628529,1.2483798,1.2208999,1.1774431,1.150551,1.4898274,1.4278405,1.1827198,1.1459206,0.9149171,0.9253002,1.0162183,0.9733124,1.0340829,0.9622853,1.0082177,0.9607821
1.4711347,1.4835001,1.3854676,1.3682107,1.4962372,1.5005441,1.3370701,1.3456771,1.3060445,1.3526062,1.3374361,1.3272237,1.5740359,1.595859,1.401833,1.4203506,1.4934992,1.5221746,1.4375331,1.4775747,1.2606508,1.2369117,1.2291439,1.2043601,1.227757,1.2073033,1.6222416,1.722249,1.4881388,1.5739224,1.4616233,1.479545,1.3757958,1.3707675,1.0586085,1.0477264,1.167652,1.2142085,1.2006513,1.1779497,1.5192319,1.4671314,1.1495266,1.1643062,0.9020418,0.9261635,1.0368326,1.038368,1.0257298,1.0384847,0.94799674,0.9817923
1.4539976,1.4507376,1.3451744,1.3495016,1.4669211,1.4915466,1.3469684,1.3747467,1.2972314,1.3538717,1.3444395,1.3274405,1.5927246,1.5934764,1.3569161,1.3707829,1.4871714,1.5151623,1.4224585,1.4344618,1.2543519,1.2458252,1.2218428,1.1925709,1.2824949,1.2796246,1.7786567,1.8917214,1.5685029,1.6075523,1.5499821,1.5833213,1.3390714,1.3467565,1.1530257,1.141392,1.2112617,1.2474611,1.1815782,1.1902248,1.479978,1.4758557,1.1622894,1.1700089,0.9329664,0.931442,1.0337733,1.031552,1.0201199,1.0349247,0.9644253,0.9891515
1.2741078,1.285574,1.2470915,1.3043402,1.3474374,1.3893899,1.2441556,1.2972656,1.2896378,1.3274897,1.2224747,1.2746422,1.4342452,1.4719812,1.1455858,1.1298468,1.324466,1.3736976,1.2321914,1.272492,1.1664572,1.159324,1.1759839,1.1812458,1.0688071,1.0689805,1.5912943,1.6315538,1.4129618,1.4581169,1.4005435,1.4820315,1.1688322,1.2708902,1.1648537,1.1456143,1.1051465,1.1553482,0.97557867,1.0241812,1.502001,1.5528345,1.2055793,1.2044277,0.94332886,0.939554,0.9850911,0.999746,0.98205364,0.9766195,0.9492761,0.9762325
1.2072806,1.1994879,1.1794,1.1899289,1.2867365,1.3210721,1.1909298,1.1958131,1.1850584,1.2186716,1.1467017,1.1840631,1.3365259,1.3650608,1.06236,1.0317732,1.2240857,1.2466804,1.1123652,1.153671,1.095477,1.112706,1.1009209,1.1344035,1.03711,1.0395443,1.4861426,1.5172797,1.3200244,1.3622329,1.3065331,1.3870025,1.1121255,1.1816472,1.1309978,1.13678,1.0238411,1.0875673,0.8924588,0.97079974,1.4323995,1.4646918,1.1457635,1.1359925,0.87559646,0.9239568,0.9135709,0.9469685,0.9801746,0.94489086,0.91693187,0.8913755
1.2144802,1.2458136,1.2112396,1.2853616,1.3114653,1.3650496,1.2583315,1.2771859,1.2181702,1.27001,1.2193733,1.2239093,1.4918662,1.5138747,1.0745882,1.074611,1.3474683,1.3893528,1.3305664,1.343083,1.1306056,1.1517913,1.1362906,1.187969,1.0692068,1.0510615,1.6440533,1.680516,1.4847851,1.4898189,1.4354367,1.4854174,1.1506512,1.2442362,1.201334,1.2035115,1.1122892,1.1748526,0.9111971,1.0196792,1.4483153,1.5174972,1.1505327,1.1865376,0.92953354,0.9307302,0.9495636,1.0194467,0.9720567,0.9790226,0.9253642,0.9533624
1.2298206,1.2424009,1.25966,1.2621516,1.2918772,1.3411211,1.1751323,1.194011,1.1929616,1.2508844,1.157346,1.2056147,1.3636314,1.3986452,1.109527,1.09035,1.2636018,1.2931134,1.1890382,1.2248621,1.1160622,1.1339232,1.118858,1.1195359,0.9960104,0.9852926,1.4931723,1.5595872,1.3455869,1.366636,1.3250076,1.3880911,1.1536467,1.2368023,1.1213236,1.1210347,1.0388068,1.0844992,0.96880615,1.0074196,1.4328831,1.4760382,1.1433111,1.1601282,0.8823183,0.9273212,0.9572646,0.98914564,0.9724647,0.9748557,0.9087209,0.92282444
1.2405981,1.2486572,1.1915351,1.2151638,1.2927634,1.2836637,1.2896963,1.317226,1.1927599,1.1614523,1.0925527,1.1744225,1.3746598,1.4237256,1.1093804,1.1203216,1.3057423,1.36387,1.2257763,1.2990571,1.000023,1.0799153,1.0058298,1.045397,1.1416578,1.1862032,1.5285083,1.6534306,1.3020881,1.2981526,1.4091096,1.4253488,1.0637114,1.1184555,1.2438433,1.2317551,1.1858851,1.2463754,0.8452479,0.9417786,1.4562143,1.5235572,1.1039561,1.1631043,0.93260324,0.93203723,0.88002115,0.90374756,0.91792864,0.92134726,0.9343767,0.9759981
1.2878475,1.3285155,1.2111425,1.2705897,1.2865752,1.3957553,1.2581283,1.3406197,1.132419,1.240197,1.0885944,1.2837589,1.4107528,1.4549007,1.1456916,1.1842281,1.3041906,1.4140044,1.2492695,1.3482019,0.9751599,1.1846529,0.9841924,1.1377687,1.175391,1.243175,1.5651364,1.7049595,1.3067752,1.3070563,1.4145423,1.4654713,1.0631127,1.188221,1.1925819,1.2447478,1.212419,1.2919884,0.9042299,1.0313376,1.4943256,1.6818087,1.0718725,1.1826996,0.9363549,0.94221514,0.8831241,0.96193457,0.8906122,0.94959015,0.93366516,0.9771875
1.2650626,1.2677492,1.1816891,1.2236187,1.2428484,1.3646598,1.277079,1.318768,1.1135029,1.2300457,1.0658743,1.2621346,1.3732717,1.4315424,1.113753,1.1361475,1.2710025,1.3682138,1.2309369,1.2931123,0.9475024,1.1933321,0.9922024,1.121457,1.176192,1.2543817,1.5278667,1.6903578,1.2920246,1.3424948,1.4217618,1.4593397,1.0231754,1.1787646,1.1713358,1.2606945,1.1819434,1.2517272,0.87116104,0.97166723,1.4190952,1.6054841,1.030661,1.1474757,0.9216369,0.9440138,0.8674732,0.9521645,0.8682712,0.9557992,0.9146447,0.9614905
1.2101833,1.2095901,1.1671703,1.1706141,1.256997,1.2385161,1.2224702,1.2745126,1.1455829,1.1081363,1.0896637,1.1388961,1.3504292,1.3869437,1.0819315,1.0962193,1.2591852,1.3528455,1.2093362,1.2690731,0.98295337,1.0371748,0.99500304,1.0206369,1.1065834,1.1388599,1.4928998,1.5851357,1.2778761,1.2672793,1.3900721,1.4108025,1.0521657,1.076531,1.1834445,1.1654264,1.1692942,1.2272786,0.84200263,0.91400427,1.4436694,1.4909546,1.0594609,1.1310873,0.9171069,0.924938,0.8533375,0.87876695,0.8460071,0.90247196,0.91927385,0.94346726
1.2775409,1.3019886,1.2623597,1.2603136,1.2694039,1.3098503,1.3304216,1.3404996,1.2280154,1.2076361,1.2528356,1.262556,1.5521599,1.5660832,1.3100883,1.2506219,1.5062677,1.4837307,1.3814231,1.4258826,1.1659038,1.1746737,1.1712395,1.1506051,1.1414474,1.141028,1.4413657,1.4780188,1.385741,1.3726393,1.4086508,1.4252778,1.3131588,1.3058741,1.0897441,1.0876697,1.1162839,1.1425264,0.99120903,0.9752191,1.4715711,1.460793,1.247868,1.257315,0.93308103,0.94059736,1.0511417,1.0569685,1.030263,1.0373833,0.9671601,0.9632457
1.3569853,1.3430678,1.3104005,1.3246815,1.3415529,1.3455336,1.3291707,1.3325331,1.233238,1.1950717,1.2807467,1.2734287,1.6185207,1.6365507,1.3589798,1.2630613,1.5038104,1.465331,1.4564799,1.5001215,1.2039934,1.1970509,1.1771269,1.158698,1.1660976,1.1319188,1.4657438,1.4980266,1.4273654,1.4090277,1.4791999,1.4737833,1.396512,1.3466405,1.1426072,1.161767,1.1749185,1.2082961,1.0073515,0.9978598,1.5275145,1.4858373,1.2781199,1.2800229,0.9481528,0.9365765,1.0673096,1.0551958,1.0338075,1.0151125,0.9914591,1.0067798
1.2781458,1.2881135,1.250276,1.2445939,1.2946966,1.2911721,1.3280442,1.3417208,1.2409396,1.1785277,1.2496644,1.2142279,1.5489603,1.5601544,1.2948337,1.233251,1.4294044,1.4417311,1.3904352,1.4333155,1.168278,1.1612147,1.1724231,1.1578269,1.1810775,1.1333681,1.4769157,1.4492519,1.4149384,1.3722266,1.4348837,1.4260055,1.3714666,1.3242942,1.089646,1.0769098,1.101202,1.1031569,0.94855607,0.959976,1.4807477,1.4468338,1.2193198,1.1889141,0.9282017,0.937554,1.0386451,1.0483487,1.0033526,1.022922,0.93888557,0.94161975
1.31303,1.2962985,1.2734405,1.2843944,1.321782,1.2802691,1.3357675,1.3487568,1.2430228,1.1883222,1.2729567,1.2393887,1.5352219,1.5812795,1.3143129,1.2226273,1.479975,1.4687005,1.4033703,1.4461843,1.2047803,1.1670185,1.178849,1.155774,1.2092152,1.1636442,1.479411,1.492411,1.4250568,1.4044924,1.4535233,1.4912686,1.3415211,1.2835945,1.1049695,1.0916418,1.1370728,1.1271015,0.9782187,0.9539068,1.4415793,1.4233708,1.2390234,1.2443303,0.93055004,0.93880445,1.0640146,1.0264525,1.0169818,1.025734,0.9991775,0.9873028
1.5150441,1.4738761,1.4025967,1.3606399,1.5443904,1.4424734,1.4671787,1.461537,1.3659496,1.2822006,1.4374894,1.3760234,1.6840746,1.7246231,1.4288036,1.3239665,1.6879286,1.6715055,1.5586036,1.6196523,1.2382292,1.1953733,1.1993741,1.2059696,1.300361,1.2069736,1.5666894,1.5456818,1.5026097,1.4618211,1.4997594,1.5467597,1.3026447,1.280673,1.1809103,1.2044452,1.3086634,1.2969087,1.2427778,1.2229228,1.6752509,1.6650192,1.227003,1.2781706,0.947677,0.9340976,1.021649,1.0170681,0.9741709,0.9757015,1.0540568,1.0218015
1.5594214,1.5903606,1.4605507,1.4822497,1.6028197,1.6148708,1.5557336,1.5923197,1.4108708,1.414095,1.4625672,1.4732847,1.7951894,1.8610101,1.4787716,1.3751487,1.8148135,1.7959164,1.6381142,1.7502413,1.2930949,1.314708,1.2306322,1.2757257,1.3672721,1.3263955,1.7605537,1.7225302,1.6142,1.6233084,1.6175157,1.6591033,1.4045287,1.3987812,1.2560611,1.2827516,1.3421277,1.3833444,1.296674,1.3283937,1.7564423,1.7736052,1.2633436,1.3560395,0.9843587,0.94089776,1.0563252,1.07552,1.0022749,1.0092071,1.0706979,1.0682197
1.3243506,1.3031535,1.2834574,1.2401441,1.3934271,1.2559335,1.3308113,1.3345686,1.2570815,1.158447,1.2652681,1.2191826,1.5044456,1.5754515,1.2502642,1.1886172,1.5138631,1.5045172,1.4438158,1.5228322,1.1765735,1.1018795,1.1318141,1.1424433,1.2259337,1.1651975,1.4597775,1.5046859,1.4092734,1.402992,1.3935773,1.4014122,1.2237278,1.1599128,1.1261075,1.1138855,1.1423538,1.1840816,1.104423,1.1358441,1.4933506,1.4685593,1.080433,1.1145785,0.92215246,0.9270323,0.99081874,0.97602224,0.94347674,0.90407425,0.9569862,0.9678547
1.3937031,1.3988883,1.403446,1.3762465,1.4634782,1.4161898,1.2739972,1.2519219,1.3015795,1.2407788,1.3101414,1.2818234,1.5215654,1.5166812,1.266539,1.2938806,1.3987863,1.381765,1.4050971,1.4507568,1.2598581,1.2661625,1.1729078,1.1987836,1.1802315,1.1300414,1.5906384,1.5732654,1.4425094,1.3951241,1.5252967,1.5169383,1.3110291,1.2764503,1.15947,1.145928,1.0561162,1.0324246,1.0409789,1.0475851,1.5622939,1.5187931,1.1945002,1.1200714,0.9165447,0.92953646,1.0716997,1.0581309,1.057642,1.0330226,0.9243222,0.9226786
1.3213036,1.3657557,1.3317451,1.3285964,1.377275,1.4007596,1.2208749,1.1872848,1.1991582,1.1945055,1.2541399,1.2580193,1.4698704,1.479767,1.2306058,1.2720428,1.3526412,1.3699985,1.3431222,1.4186124,1.1870712,1.2242678,1.1230406,1.1663511,1.1285707,1.1054585,1.5956107,1.6222165,1.3855131,1.3795456,1.4532611,1.4729607,1.2594955,1.2673234,1.2082975,1.203351,1.0503125,1.1386808,0.9751956,1.0149386,1.4928075,1.518491,1.1115224,1.156955,0.90844846,0.93241113,0.9949986,1.0345912,0.9974835,1.0165099,0.8906569,0.9264747
1.3971516,1.4417795,1.4260069,1.442372,1.4549266,1.4876134,1.2629237,1.2457743,1.2723304,1.2656354,1.3409238,1.3462975,1.5887024,1.5927665,1.28898,1.3217081,1.45404,1.4507124,1.4511079,1.5207872,1.2642355,1.3018059,1.2151539,1.2647525,1.2356002,1.2219712,1.769452,1.740535,1.5474732,1.4901477,1.6225022,1.6154855,1.3131833,1.31664,1.2627448,1.2536142,1.12754,1.1489954,1.0550121,1.079603,1.5504434,1.5375376,1.1569643,1.148644,0.9273494,0.9372708,1.080381,1.1098775,1.0420576,1.0561323,0.94041777,0.94092375
1.5091647,1.5219843,1.445393,1.4534633,1.5485585,1.5738269,1.3649428,1.3351481,1.3459073,1.3159676,1.3734258,1.3630471,1.6353722,1.6259454,1.3263218,1.35605,1.5243422,1.5558867,1.4719465,1.5540278,1.2552341,1.3096002,1.1781843,1.2462803,1.1779144,1.1905477,1.694998,1.6905526,1.4911957,1.4807576,1.6071378,1.5882137,1.3188263,1.345417,1.2385204,1.2385069,1.1493746,1.1903882,1.0339012,1.104548,1.5868962,1.6032414,1.1923293,1.189606,0.94354194,0.933858,1.0471365,1.1137625,1.0504038,1.0333,0.97198766,0.98472095
1.0414362,1.0824687,1.0862588,1.0940651,1.1061894,1.119373,1.1639682,1.1944654,1.0999442,1.0874599,1.1125019,1.117822,1.2703212,1.3191693,1.0398793,1.0569668,1.1702223,1.2515548,1.2138718,1.256666,1.0423248,1.0795364,1.0695105,1.0850242,1.1407639,1.1946774,1.4392501,1.4878832,1.2986035,1.334228,1.3377984,1.3427458,1.0628643,1.0980678,1.0971001,1.1008146,1.040561,1.082889,0.9032181,0.89270544,1.2623672,1.3219913,1.0523584,1.0979658,0.9187007,0.9399464,0.9631858,0.99194056,0.98851055,1.0011215,0.8934533,0.9377095
1.0900489,1.1359553,1.1270783,1.1377004,1.1711488,1.1812038,1.1894933,1.2224302,1.141493,1.1319209,1.150546,1.1684105,1.3282669,1.3696989,1.093737,1.0902978,1.187569,1.2875925,1.2810781,1.3176713,1.083365,1.120186,1.0988408,1.1080894,1.1979427,1.2531997,1.5612355,1.6246923,1.3798664,1.4293412,1.4355823,1.4372432,1.109246,1.1586655,1.0903615,1.0967371,1.0326926,1.0562588,0.8979228,0.89181054,1.3009425,1.3594697,1.0217961,1.0858971,0.8867043,0.9382541,0.96775097,0.9780805,1.0010455,1.0173509,0.8892414,0.9200853
1.2142665,1.2506739,1.1811043,1.1947213,1.2875137,1.3115317,1.2068422,1.2455755,1.1928085,1.2114518,1.2843152,1.3161734,1.4725269,1.4783849,1.1474533,1.1404117,1.2829572,1.4026197,1.3628606,1.43192,1.162516,1.2077825,1.1249003,1.1468194,1.317532,1.3499049,1.5977317,1.6292397,1.4479684,1.4661161,1.500102,1.5200411,1.1494124,1.2124299,1.1416942,1.1591662,1.0957701,1.1109021,0.99032766,0.98792166,1.3387429,1.3852577,1.0020319,1.0657994,0.9148772,0.9444825,0.9730816,0.997698,0.97013104,0.98229903,0.89353144,0.92694145
1.1515628,1.1853869,1.1643981,1.1623061,1.2258766,1.2466313,1.1953422,1.2171537,1.1559974,1.1550939,1.239745,1.2495475,1.3833516,1.3993573,1.1191862,1.1207778,1.2559254,1.3608998,1.2871933,1.3345634,1.1306154,1.1698931,1.1236565,1.1206977,1.2620368,1.3117946,1.5671114,1.6030779,1.4004526,1.426222,1.4333339,1.4703755,1.1409999,1.1831443,1.123825,1.135736,1.0486128,1.0771078,0.96741205,0.9534469,1.3018783,1.3323919,1.0190415,1.0534776,0.90244246,0.94481534,0.96269774,0.98240346,0.96498466,0.9799111,0.89350367,0.9299425
1.182055,1.2245151,1.2034909,1.2066294,1.256259,1.2695663,1.2135463,1.2288735,1.1896404,1.1826074,1.2247514,1.2451473,1.404736,1.4356048,1.156426,1.1670455,1.2853628,1.3900565,1.3638227,1.3828127,1.1663735,1.2109505,1.1371962,1.1513811,1.300348,1.3562472,1.7749714,1.8580825,1.5169417,1.5741268,1.5842776,1.5884773,1.1802806,1.2281575,1.1921992,1.2001419,1.1298895,1.158859,0.99350333,0.9834212,1.384591,1.4024407,1.1077884,1.1246909,0.9608239,0.9479865,1.0149606,1.0258482,1.0372467,1.0469157,0.97873825,0.9987175
1.1933447,1.2192861,1.1646574,1.203856,1.2095112,1.2380235,1.1817017,1.18459,1.1426337,1.1429197,1.1080537,1.1007133,1.3446892,1.3703202,0.9958996,0.97889984,1.191538,1.1856585,1.1780204,1.2526803,1.0294,1.0548795,1.0372746,1.0482479,1.0838586,1.0726935,1.4201618,1.5466505,1.2238152,1.3123475,1.2808552,1.389269,1.0769954,1.1204383,1.0456232,1.0626413,1.172938,1.1689174,0.9471946,1.0004793,1.5602827,1.5501729,1.1871914,1.2011789,0.83468974,0.9062963,0.87980795,0.8674344,0.913198,0.91336226,0.8943364,0.94816494
1.1588075,1.2186717,1.167483,1.2252893,1.1674918,1.258771,1.1269267,1.1529577,1.0992473,1.1541574,1.0635575,1.1079924,1.2644402,1.3250982,1.0047715,0.9791993,1.1535652,1.1687218,1.0936038,1.2002059,1.0115889,1.1025932,1.0237067,1.0669909,1.0562034,1.0959767,1.4073743,1.5582707,1.2406218,1.312022,1.3192633,1.432733,1.0957111,1.1517559,0.99441075,0.99977416,1.0815423,1.1129365,0.93681735,0.9953594,1.4940256,1.4965745,1.1393659,1.1528916,0.8330798,0.9072338,0.8682358,0.86974096,0.9238778,0.9115921,0.8899909,0.92543715
1.2281702,1.258023,1.2150348,1.2321337,1.2304727,1.268841,1.2245957,1.2304946,1.1964217,1.189263,1.151886,1.1468812,1.3449312,1.3718872,1.0705574,1.0317829,1.1982862,1.2084495,1.204903,1.2676083,1.084745,1.1209742,1.1143205,1.1197464,1.1835648,1.1679345,1.5310757,1.664299,1.3524551,1.427549,1.4101068,1.5122375,1.1358941,1.1932718,1.071533,1.0836945,1.1191478,1.158884,0.9745323,1.036107,1.5004371,1.5087304,1.1478614,1.2262019,0.86112964,0.9163951,0.94228697,0.9398518,0.96503866,0.9799263,0.91251385,0.9788596
1.2168462,1.2440292,1.2166494,1.2235887,1.245732,1.2548941,1.2074839,1.1962941,1.1867431,1.1664358,1.1509866,1.1439393,1.3560046,1.3961631,1.0485842,1.0167651,1.2111068,1.202432,1.2004808,1.2415637,1.0640328,1.0686009,1.0940061,1.1024759,1.1739018,1.1822476,1.6456505,1.8107466,1.4242327,1.4846416,1.4556508,1.5576346,1.1056257,1.1325043,1.1059393,1.1012615,1.2094444,1.2306424,0.97071195,1.0281422,1.5497655,1.5096989,1.1965681,1.1857243,0.86414254,0.9152328,0.9323636,0.890827,0.94655997,0.91376066,0.9854367,0.9797534
1.1610607,1.1674836,1.2101623,1.2200916,1.2299439,1.2722656,1.1256768,1.1169732,1.1514176,1.1961638,1.130948,1.1915345,1.2437453,1.237019,1.1034591,1.023755,1.1923155,1.1715453,1.1140937,1.1600981,1.076134,1.1298288,1.1500314,1.1495825,1.1172765,1.1398079,1.2501038,1.3186051,1.3151578,1.3132457,1.2052984,1.2392267,1.1903474,1.263816,1.1107489,1.1048182,1.070404,1.1223515,0.96320564,0.95852166,1.5720115,1.6005533,1.1872755,1.2370932,0.8904212,0.92932427,0.9260325,0.9211274,0.967739,0.9550371,0.93399966,0.95188016
1.1828399,1.2088546,1.236697,1.2598425,1.2483181,1.3535656,1.1240474,1.1129465,1.1538287,1.2600871,1.1281761,1.2412316,1.2527498,1.2424316,1.1200501,1.0445145,1.1676704,1.1502724,1.1157866,1.1602595,1.082009,1.1880636,1.1821724,1.2207959,1.2365236,1.3022262,1.4869756,1.5572387,1.4904133,1.500685,1.3101184,1.3390422,1.2252177,1.3172774,1.1644661,1.1775272,1.1665423,1.1780868,0.9991061,0.9742477,1.6325688,1.6751173,1.2811626,1.2776451,0.92757684,0.9319481,0.9230502,0.9192447,0.9688993,0.9721942,1.0352044,0.99764985
1.088492,1.1102489,1.1201153,1.1637427,1.1286596,1.2152015,1.011206,1.049316,0.99502885,1.1234396,1.0408782,1.137624,1.157241,1.2035779,1.0494773,0.9867358,1.1202906,1.1277999,1.0485073,1.1111199,1.0189847,1.0834612,1.0818064,1.1308479,1.1556286,1.1639018,1.3498671,1.4286863,1.3141894,1.3122493,1.1909283,1.2010479,1.1400251,1.1892389,1.0502778,1.0789155,1.0345362,1.0611457,0.9093307,0.924243,1.4232876,1.4297674,1.1157199,1.1055666,0.8998712,0.93096274,0.8515168,0.90014136,0.8598537,0.9499607,0.9063225,0.94997793
1.0870036,1.1185219,1.1584598,1.1857859,1.1438805,1.2180678,1.0534981,1.0608876,1.0372679,1.1293513,1.0662318,1.15245,1.1737872,1.1956908,1.0764282,1.0134803,1.1371472,1.1333114,1.0650868,1.1182424,1.0348024,1.0751143,1.069526,1.112285,1.0607218,1.081474,1.254957,1.3193791,1.2710111,1.3047838,1.1376625,1.1764793,1.166213,1.2280947,1.0615797,1.0666015,1.0157876,1.0975746,0.94582736,0.953133,1.500759,1.5353622,1.1597648,1.1881495,0.8558246,0.9216473,0.86646557,0.9205926,0.9093933,0.9495746,0.8836461,0.94644517
1.164001,1.2045019,1.2346526,1.274091,1.2239997,1.3401428,1.116063,1.1053715,1.1029675,1.2341074,1.1354717,1.2430956,1.256103,1.2480599,1.1460686,1.063761,1.2092476,1.1717318,1.145711,1.1720587,1.0764105,1.1779691,1.1736284,1.1903707,1.1861175,1.2535163,1.3424977,1.4528816,1.3884789,1.3994008,1.2531505,1.3121148,1.2124983,1.3046048,1.1294748,1.1253519,1.120655,1.1687493,1.0104246,1.0054342,1.585345,1.6292008,1.2353753,1.2244532,0.8936294,0.92985547,0.9487122,0.9478512,0.97953904,0.9672522,0.97361505,0.95380825
1.2523047,1.2911724,1.202307,1.1861511,1.3511971,1.3679632,1.321334,1.3477427,1.2113348,1.2524124,1.3311951,1.3550004,1.5502479,1.5543598,1.2077284,1.1721958,1.4483036,1.4661963,1.3543981,1.4050796,1.2311691,1.2264072,1.2287285,1.2226197,1.353958,1.3862101,1.6396401,1.7112633,1.5277368,1.5036176,1.5413405,1.6704874,1.192379,1.2127392,1.100425,1.1120403,1.214719,1.251979,1.045868,1.137856,1.4274533,1.4522136,1.1432644,1.139618,0.89539766,0.9178631,0.96896994,0.9444631,0.927516,0.94241184,1.0033649,0.98720574
1.2735249,1.2878406,1.2485496,1.2624131,1.3149248,1.3825287,1.1860225,1.2556527,1.2284304,1.2527987,1.2795025,1.2556375,1.4712396,1.5024465,1.1497165,1.1184489,1.301312,1.3227116,1.2868991,1.33943,1.1030012,1.1046363,1.0359633,0.99591464,1.2207566,1.2402,1.6557361,1.7093854,1.3760062,1.3980807,1.4763023,1.4537166,1.1579468,1.1521446,1.0797838,1.0595362,1.27538,1.2756827,1.2328842,1.253228,1.8655806,1.7496098,1.1689428,1.2470338,0.8768818,0.91285133,0.88925403,0.85997224,0.8553292,0.8700148,0.90663254,0.9341714
1.4093684,1.3914583,1.368994,1.3308493,1.4561099,1.4679313,1.4691507,1.4725813,1.3611084,1.3875445,1.3957182,1.3956046,1.5147816,1.4932796,1.342749,1.3211877,1.497099,1.5014399,1.3283414,1.3508499,1.3271353,1.3339764,1.2917384,1.286324,1.5042597,1.5058964,1.533712,1.5197847,1.6104212,1.5745842,1.5271021,1.4469398,1.3640773,1.3237021,1.1074257,1.1025226,1.1304058,1.1377478,1.0321016,1.0251517,1.6450077,1.5971072,1.1352121,1.138185,0.8916832,0.9141045,1.0191551,0.99711686,0.9908255,0.9824066,0.9346597,0.9170622
1.4922787,1.4949816,1.4633055,1.4454459,1.5592908,1.5605723,1.4996705,1.4842972,1.3996841,1.406933,1.4056597,1.415517,1.7557129,1.7307012,1.351579,1.195504,1.5919904,1.5797842,1.6529572,1.5456414,1.2953218,1.2591481,1.2212763,1.1855404,1.4358251,1.499138,1.6244829,1.6509209,1.5231543,1.4746466,1.5447811,1.6078926,1.2671913,1.1778051,1.1816388,1.2374501,1.2531794,1.2546223,1.2337996,1.1840488,1.7523656,1.7397133,1.206635,1.2141373,0.9125544,0.9401721,1.0252061,0.99677217,0.9607441,0.9523704,0.9734229,0.9413647
1.2922755,1.2922547,1.0911127,1.1037787,1.3514045,1.3725103,1.47246,1.5043055,1.343019,1.3589996,1.2248672,1.2177693,1.4836491,1.4384108,1.1708924,1.1151278,1.2612629,1.3619899,1.0364732,1.1059473,1.038278,1.126381,1.041763,1.1442204,1.3821456,1.448989,1.6493421,1.9442531,1.5180521,1.597458,1.4726175,1.5983618,1.0678152,1.1624385,1.126071,1.1630346,1.0325555,1.0752754,0.7397943,0.8197809,1.4180213,1.5048661,1.1287713,1.1937928,0.8660303,0.91206974,0.7153714,0.7742374,0.7548897,0.7905099,0.9285747,0.95654184
1.2109267,1.2139156,1.1935716,1.1944705,1.241071,1.2471826,1.1349648,1.1510621,1.1298093,1.1516808,1.256485,1.2164162,1.3430139,1.3301147,1.1128715,1.0539566,1.2603238,1.2818407,1.2184802,1.2339182,1.1173781,1.1133012,1.074107,1.072847,1.398273,1.3487915,1.4996443,1.5339416,1.4023057,1.3826607,1.4742554,1.3811766,1.0744599,1.0715975,1.1432277,1.1488979,1.06205,1.064586,1.1848198,1.1226745,1.4737816,1.4319913,1.0661356,1.0797126,0.8726206,0.9173057,0.9180388,0.8791456,0.9036974,0.8855158,0.86267203,0.8582805
1.2172716,1.2218964,1.2130185,1.230346,1.3142518,1.3132385,1.1725644,1.1683353,1.1973495,1.167631,1.2331017,1.2217696,1.381523,1.3851372,1.0894569,1.056251,1.2646036,1.3212943,1.2314337,1.3097245,1.1524503,1.1425931,1.0973258,1.1054752,1.3060559,1.294039,1.4857918,1.6174724,1.3966895,1.4187636,1.4291027,1.3816444,1.1572034,1.140363,1.0682199,1.0486194,1.0607716,1.0663823,0.91454595,0.93022937,1.3264694,1.3263891,0.99891526,0.9938072,0.8695833,0.91400665,0.91286016,0.90213275,0.86981654,0.8729396,0.87297595,0.88878137
1.1880292,1.1812217,1.1961735,1.1976717,1.2797211,1.2498422,1.1598238,1.1655891,1.131201,1.1245677,1.1815135,1.157089,1.3340907,1.3514599,1.0518224,1.0563384,1.2416136,1.2798878,1.191602,1.2513032,1.1528827,1.124616,1.1106377,1.1037052,1.2575569,1.2954878,1.5345172,1.6092415,1.4292547,1.385358,1.4036827,1.4508591,1.0760711,1.0227646,1.161969,1.1776928,1.0749246,1.0743936,0.9443691,0.94912994,1.4063987,1.3880289,1.0141003,1.0640085,0.8977079,0.9215608,0.8987648,0.8927506,0.8800338,0.89917517,0.9199336,0.91969156
1.2749124,1.2900792,1.3024763,1.3125752,1.3663378,1.3685935,1.2457819,1.251895,1.2121702,1.2199929,1.2971256,1.2905906,1.4847721,1.4926658,1.1494379,1.1217446,1.3844448,1.4283857,1.3403252,1.3475568,1.262788,1.25423,1.2029673,1.1744999,1.424055,1.4012762,1.6489753,1.7113547,1.4775732,1.5116425,1.4572927,1.451246,1.2041612,1.1635834,1.2123649,1.1951516,1.1784922,1.1889689,0.9667535,0.9981465,1.5571581,1.5355203,1.1724787,1.1631773,0.93638945,0.94313794,0.9500117,0.9632427,0.9590064,0.9377662,0.96541655,0.97405833
1.4205153,1.3988323,1.4049569,1.409925,1.5134308,1.4811015,1.3552959,1.3202302,1.3510684,1.3329937,1.403247,1.4125922,1.5988,1.5843232,1.2079686,1.1814809,1.4284915,1.449994,1.5114113,1.6056551,1.3128381,1.300892,1.2620885,1.2542295,1.4367695,1.4786631,1.5131311,1.51736,1.5520675,1.5396693,1.5372517,1.5566024,1.234056,1.2452193,1.2408537,1.236971,1.1792835,1.2076648,1.121471,1.1399302,1.5657545,1.5772026,1.1903949,1.2093455,0.94704604,0.95425355,1.0615597,1.0207969,1.0211097,0.9914737,0.977382,0.9705368
1.6958886,1.6832973,1.5993787,1.5853829,1.7792068,1.7457557,1.6372613,1.6004453,1.5961097,1.6052002,1.6630789,1.7243918,1.9427294,1.9105091,1.4744266,1.4497868,1.7430972,1.7236696,1.5850459,1.7150115,1.4578817,1.5320889,1.3967984,1.4639885,1.735706,1.8464109,1.9599178,2.1803763,1.827816,1.8778074,1.8733969,1.9175954,1.4426907,1.4389116,1.3646059,1.404295,1.4481969,1.4402447,1.3973148,1.3915713,1.7851584,1.7511857,1.2695583,1.2844237,0.9843475,0.9629584,1.1498696,1.1761855,1.0435393,1.0349253,1.0837886,1.0450623
1.3400654,1.3327452,1.2544603,1.259538,1.3785315,1.385812,1.2830465,1.2898029,1.2568774,1.305845,1.3169191,1.319759,1.5414219,1.4706243,1.1991389,1.1766602,1.4096686,1.4381411,1.365731,1.4174196,1.1937791,1.1718922,1.1231252,1.096227,1.3364141,1.3222104,1.7082784,1.7278987,1.4778128,1.4277549,1.481048,1.4544004,1.1672381,1.1430838,1.1704663,1.1601926,1.163146,1.1620035,1.0138623,1.0391512,1.4336065,1.4403229,1.0200391,1.0482279,0.86377823,0.91757965,0.95942724,0.9117182,0.89763707,0.8678564,0.8830383,0.88721025
1.2157875,1.2244676,1.1827298,1.1643578,1.2843386,1.3091651,1.280609,1.2756119,1.2312773,1.2283401,1.2030673,1.20005,1.5471879,1.5355647,1.0902278,1.0802954,1.4195067,1.3988054,1.3418461,1.3701316,1.056348,1.0505074,1.0627961,1.0684224,1.1541817,1.126663,1.6029736,1.572807,1.458973,1.4064776,1.505375,1.3969214,1.0938804,1.152164,1.1794745,1.1719377,1.1174701,1.1539257,1.0213076,1.0381277,1.4784006,1.4493936,1.113963,1.1597834,0.92103386,0.92053896,0.87304306,0.89097786,0.8301071,0.88333374,0.9261346,0.93402094
1.4548304,1.4627227,1.3672,1.4257054,1.482197,1.5056981,1.4031297,1.3943799,1.3529334,1.4104341,1.4080659,1.4225684,1.6761904,1.677919,1.2974395,1.2138122,1.4607438,1.435639,1.5468826,1.5497825,1.2456367,1.2692606,1.2649087,1.2541732,1.3412874,1.3533432,1.7710246,1.8018353,1.5919083,1.5856832,1.5974491,1.5657476,1.2530638,1.2872759,1.173941,1.1808227,1.3482056,1.3788145,1.1740236,1.211209,1.6532322,1.6175498,1.2799585,1.3001969,0.94186753,0.94433117,1.0284312,1.0564233,0.98761576,1.0212457,1.0475063,1.0582607
1.3625023,1.3749666,1.2726843,1.3288705,1.3886002,1.4092493,1.324033,1.257634,1.1814789,1.2252144,1.156913,1.1962006,1.4135287,1.3402985,1.3170624,1.2692491,1.4326018,1.403585,1.3903296,1.3640441,1.1191251,1.1423581,1.0751323,1.0895151,1.0410372,1.0805247,1.2835628,1.2714331,1.18361,1.1468071,1.2088332,1.1641984,1.2690974,1.24048,1.0812006,1.0646697,1.2590735,1.2515607,1.0949463,1.1784948,1.5453167,1.5664076,1.2576244,1.2954695,0.9757592,0.9412226,1.0222512,0.9621118,0.93082726,0.97934777,1.0703441,1.046261
1.2342407,1.2576466,1.1782893,1.2223914,1.2322694,1.2951753,1.4477868,1.4201171,1.1574455,1.2128533,1.1630156,1.1942123,1.4020493,1.4287483,1.0507829,1.1503956,1.4019152,1.3930742,1.2381521,1.3099885,1.0740577,1.1100352,1.0977979,1.1409175,1.1846343,1.2455096,1.4483948,1.4565868,1.3628826,1.3645267,1.3754587,1.3011575,1.0630469,1.1697347,1.1056315,1.1008179,1.1119452,1.1432573,0.878478,0.96995556,1.351762,1.4351226,1.0331388,1.127181,0.88099736,0.92506135,0.87893236,0.88727325,0.88587135,0.9541739,0.8941375,0.86036044
1.4426562,1.4862452,1.3243632,1.3717057,1.4571074,1.4937004,1.5450528,1.4398569,1.2729124,1.3165251,1.2590525,1.3123348,1.5442076,1.5339814,1.3576936,1.3352456,1.6329533,1.6087738,1.323868,1.3819138,1.1392293,1.1863889,1.1405967,1.2085463,1.2244241,1.3020115,1.422722,1.491777,1.4355915,1.3928033,1.4094335,1.4340489,1.2721448,1.3173245,1.096794,1.1013699,1.2592165,1.2807683,1.1439193,1.1862336,1.6337856,1.6175743,1.1670207,1.2404689,0.9733727,0.9541039,0.97105336,1.0001131,0.9316968,0.9769772,1.0301008,1.0494069
1.2132659,1.2361224,1.1943601,1.2127562,1.2940534,1.3329049,1.2568299,1.2868811,1.1881261,1.2320815,1.2956921,1.3129064,1.467786,1.453894,1.089349,1.0909293,1.3862268,1.4113758,1.2130674,1.2572482,1.1069056,1.1305677,1.1288153,1.1278577,1.3130776,1.3207035,1.5576851,1.535984,1.3965489,1.3686072,1.4666516,1.4927032,1.1658547,1.1939569,1.0569655,1.0583186,1.1190753,1.1527592,1.0733602,1.0915511,1.6625621,1.6041572,1.1614635,1.1903789,0.8466558,0.89972436,0.9258299,0.9275549,0.8803134,0.8848471,0.92733,0.92790794
1.2488309,1.2568315,1.2802999,1.2665784,1.3264966,1.3320305,1.2889013,1.2504646,1.1979783,1.2392465,1.3279519,1.3427367,1.5064774,1.4886155,1.0309407,1.0387622,1.3600256,1.3509947,1.3187549,1.3063921,1.169862,1.1655551,1.1199055,1.1013788,1.2385268,1.2401806,1.2922586,1.3356806,1.3278171,1.2527866,1.3582286,1.3747852,1.1204548,1.1498868,1.1591372,1.169699,1.2136288,1.2165378,1.0400542,1.0734682,1.4786255,1.4709009,1.1006325,1.1566197,0.87410754,0.9144037,0.91355354,0.90122974,0.9225082,0.9020196,0.9427629,0.9444981
1.5790503,1.5964116,1.5653039,1.603232,1.6268405,1.6609366,1.4917887,1.5768481,1.3566252,1.4592644,1.4681325,1.5071211,1.8811837,1.8723184,1.4457399,1.4314331,1.6318083,1.7152048,1.7104524,1.7156492,1.3994501,1.4279269,1.3535568,1.3667423,1.2902174,1.3255968,1.7134318,1.8064305,1.6311369,1.6827266,1.669542,1.698289,1.4426919,1.5022646,1.2614125,1.2810994,1.3845594,1.4465973,1.2363174,1.2801676,1.7145798,1.710394,1.2914083,1.3239273,0.9775087,0.9416994,1.1918709,1.2585435,1.1324764,1.1931577,1.0732064,1.0965846
1.361297,1.3613207,1.3621066,1.3822048,1.4351127,1.4270622,1.2659222,1.2954226,1.2432623,1.2642661,1.3444152,1.3400116,1.6555539,1.6188719,1.1235209,1.1134669,1.3990781,1.4777993,1.4785055,1.4872893,1.2329105,1.2280082,1.1896468,1.1745929,1.3863089,1.3899618,1.5449166,1.6412942,1.4765638,1.4801205,1.46185,1.468503,1.2136558,1.1982374,1.2385327,1.2368014,1.1579416,1.1686428,0.90114087,0.9304656,1.5216216,1.5056175,1.1346357,1.1385432,0.9148666,0.9267951,0.9492656,0.9381704,0.9123527,0.95485836,0.94736785,0.965072
1.2972907,1.2625421,1.2102469,1.1991103,1.3508143,1.3393512,1.2255031,1.231046,1.1670909,1.2029238,1.2402614,1.2151061,1.4990991,1.4486983,1.114333,1.0692278,1.324487,1.3279977,1.3472775,1.3724297,1.1655506,1.1560584,1.0869093,1.0388494,1.2711226,1.2806095,1.5332216,1.6490448,1.396506,1.4153998,1.4152596,1.4916389,1.1019384,1.082251,1.1294626,1.142192,1.1483058,1.159585,1.0522234,1.0581988,1.4832102,1.4617875,1.093746,1.0980953,0.85443145,0.90663004,0.9124872,0.8822563,0.8790816,0.89514357,0.91609025,0.9225489
1.0498534,1.0620514,1.0090697,1.0374671,1.0952659,1.1403229,1.0764564,1.0679523,1.0124142,1.0363965,1.0072905,1.0544552,1.1225811,1.1723359,0.9866452,0.9622455,1.097319,1.0874393,1.0318182,1.1409924,0.9701986,1.0267318,0.9565842,1.0173213,1.1508225,1.19214,1.4248391,1.4911517,1.2494512,1.2861234,1.2086577,1.2713202,0.96656287,1.0046726,1.1303059,1.1428953,0.992956,1.0124282,0.9165943,0.9596335,1.2327164,1.238904,0.97173935,1.0011923,0.8521048,0.92299145,0.8485191,0.89793795,0.8545837,0.89232826,0.842184,0.86216575
1.3256812,1.3139894,1.1990424,1.2148392,1.378097,1.3984592,1.3179748,1.2985948,1.2970816,1.307247,1.3463176,1.3354921,1.5224618,1.4954412,1.1320832,1.08992,1.3422341,1.3908724,1.3472931,1.3686959,1.1944321,1.2228942,1.1267147,1.1218381,1.3784804,1.4030293,1.8082676,1.8917903,1.4775157,1.5113176,1.5687594,1.5890341,1.1419765,1.130505,1.1250813,1.144311,1.1353741,1.1356277,0.9578358,0.993662,1.4768716,1.4524338,1.0815026,1.0920796,0.8634981,0.9224573,0.9284939,0.93774194,0.9060891,0.92998445,0.87638944,0.8969807
1.3387634,1.3354052,1.3392271,1.3459749,1.3948685,1.4012493,1.23994,1.2830566,1.1612673,1.1661378,1.3436998,1.3087566,1.5535682,1.5892991,1.1357332,1.1164266,1.4302868,1.5085943,1.4024019,1.4970438,1.2017312,1.1871561,1.1333622,1.1551534,1.2964416,1.356675,1.5147052,1.5421537,1.4109552,1.4400876,1.5941527,1.6148794,1.1704887,1.138664,1.2395952,1.2138866,1.2317191,1.2419531,1.0947293,1.11248,1.4172708,1.40274,1.0868335,1.0992923,0.9374777,0.9533226,0.9353071,0.96258926,0.94471365,0.9871926,0.99399656,0.9886989
1.4108844,1.4054519,1.3515488,1.3700476,1.4596868,1.4647409,1.4154161,1.3479513,1.2825556,1.287554,1.4310318,1.3977689,1.628076,1.6184789,1.218512,1.2106193,1.4537939,1.5091223,1.4757056,1.5218453,1.2389884,1.2297864,1.19285,1.2196326,1.3633733,1.3655273,1.5953962,1.6285634,1.5044715,1.4794016,1.5400368,1.5373328,1.2438083,1.2508198,1.1705575,1.1641753,1.3164966,1.3709282,1.2694188,1.3090132,1.6771322,1.6888115,1.2283348,1.2250656,0.9269506,0.9387143,0.98936415,1.0276221,0.98974806,0.99893296,0.97526497,1.0175319
1.2229587,1.2063637,1.234226,1.2155364,1.264457,1.2631148,1.2284683,1.2425686,1.0881221,1.1310118,1.1539977,1.1043451,1.402419,1.3586797,1.0440068,1.0473117,1.3514365,1.3393662,1.1785398,1.1968359,1.0417199,1.022144,1.0255755,1.0154151,1.0526398,0.99252206,1.3730559,1.3757367,1.2195127,1.1565015,1.2727289,1.1845015,1.0910077,1.1167445,1.0375172,1.0269381,1.0961949,1.1037203,1.0790361,1.0859596,1.4397844,1.413027,1.0835224,1.0858685,0.8654389,0.9166969,0.8993037,0.89055264,0.9076549,0.8866084,0.94005215,0.9106898
1.3848588,1.3686776,1.3630655,1.3842324,1.4035939,1.390166,1.3351512,1.3189232,1.2375349,1.2554243,1.3554608,1.3532677,1.5108306,1.505947,1.3275998,1.2798293,1.5201987,1.5594639,1.4256064,1.4338048,1.2395004,1.2032027,1.2116271,1.1980592,1.1990871,1.2113936,1.5146648,1.5672824,1.3897111,1.3655922,1.2689886,1.2554221,1.2893723,1.2687234,1.1657482,1.1917052,1.2835314,1.2773484,1.1544045,1.1370621,1.5804638,1.5583762,1.1491301,1.1509694,0.95137835,0.94116855,1.0534159,1.0668095,1.013107,1.042012,0.9852895,0.99830467
1.2661625,1.2891428,1.1893148,1.2207733,1.2840937,1.3343714,1.2280914,1.2445652,1.1339782,1.1565979,1.1818795,1.2150486,1.3897396,1.4069484,1.123965,1.1059349,1.2855756,1.3381152,1.2518396,1.2383717,1.0736127,1.0903269,1.0468962,1.0346682,1.1774287,1.2198039,1.2963285,1.3271242,1.2462559,1.2446796,1.2409025,1.2762388,1.0320953,1.0788976,1.0796005,1.0645504,1.0854663,1.0972304,0.8503687,0.8295168,1.3110716,1.3380654,1.0796539,1.0936978,0.8768694,0.9171257,0.8606903,0.8288685,0.9208471,0.87006885,0.92461216,0.9230358
1.0362517,1.0495855,1.0413843,1.0572013,1.0988742,1.1692212,1.1445094,1.1593356,1.0332594,1.0741618,1.0134537,1.0581418,1.0864633,1.1601654,0.93493754,0.8722698,1.1347548,1.1214632,0.8883771,1.0014656,0.9751328,1.0179756,1.0556109,1.0772748,1.3498046,1.3991975,1.7656446,1.8619143,1.444852,1.4393408,1.3970698,1.3859773,1.0131826,1.0440907,1.0362971,1.0122811,0.9581518,1.0103568,0.68621427,0.74771017,1.2705303,1.3170385,1.0166522,1.0822461,0.83475333,0.9131351,0.7897469,0.84281874,0.7681272,0.80841696,0.870932,0.89802814
1.2455598,1.2668666,1.2128731,1.2354486,1.2931238,1.3429122,1.319516,1.320948,1.1927372,1.2339597,1.250444,1.249839,1.4566005,1.4320391,1.1616374,1.1329367,1.4089341,1.4282801,1.1494116,1.2693856,1.108004,1.1594166,1.089465,1.1144392,1.282886,1.3348407,1.3539382,1.4832816,1.2990968,1.3120636,1.2413173,1.2842144,1.0500336,1.0971322,1.0631061,1.0648404,1.0479726,1.0812116,0.8067106,0.90193415,1.2343049,1.3107468,1.0054555,1.0335461,0.8318364,0.9220906,0.83005136,0.89169806,0.8704847,0.8934793,0.94324905,0.9753233
1.2890065,1.2727451,1.234477,1.2187746,1.3054284,1.3296721,1.2438291,1.1976721,1.1746156,1.186966,1.2387085,1.2267225,1.4530472,1.4162934,1.107469,1.0496078,1.3708524,1.3397954,1.3519208,1.3435267,1.1376662,1.1665331,1.1315749,1.0966861,1.3423842,1.3166611,1.569106,1.5338601,1.4662308,1.4123751,1.4258658,1.3124534,1.0753169,1.0870978,1.1441734,1.1399636,1.0848715,1.0699598,0.9643002,0.95067203,1.380723,1.4022913,1.0469538,1.0486327,0.8802293,0.9325993,0.9246993,0.9082031,0.9039806,0.86836356,0.9438291,0.9392407
1.4013542,1.4119086,1.3225961,1.3903482,1.4656771,1.527449,1.4536247,1.4580839,1.3469404,1.3723881,1.4553719,1.4536378,1.6131828,1.5970056,1.2097057,1.1950063,1.4734429,1.5156466,1.3333008,1.3347297,1.2802314,1.3204947,1.185465,1.1848152,1.4436378,1.4893937,1.5406278,1.6408973,1.4639064,1.5060838,1.5362285,1.6200849,1.2089335,1.2383803,1.1558888,1.1759001,1.1561881,1.1532525,1.050971,1.0369552,1.4317071,1.424253,1.0982751,1.1120139,0.89053893,0.9269846,0.9050639,0.9161251,0.91537005,0.9441632,0.94955283,0.96782815
1.4236312,1.4189119,1.3656741,1.3906531,1.5345784,1.5347755,1.4390684,1.4499371,1.418045,1.3941454,1.5095525,1.47907,1.6464449,1.6090868,1.2312615,1.2025323,1.4977926,1.5373644,1.3527666,1.3306266,1.3023547,1.3018922,1.2188361,1.1849492,1.4660518,1.5205773,1.5967469,1.6649795,1.5301249,1.5400809,1.5604032,1.6547284,1.252154,1.2445292,1.1567612,1.1746262,1.1674242,1.1514453,1.0697035,1.0537064,1.4967613,1.493584,1.1613752,1.137451,0.90058905,0.9266069,0.9304165,0.9186353,0.94253063,0.95971906,0.9725748,0.9699629
1.1383058,1.1722462,1.1652672,1.1948708,1.2102894,1.2733606,1.1747227,1.1869599,1.1068778,1.1499282,1.2032472,1.2440493,1.3634937,1.3710591,1.1177258,1.0958642,1.3124218,1.3462741,1.2931857,1.2711769,1.0752715,1.1263198,1.0572696,1.082321,1.1941384,1.2513746,1.3019297,1.3535665,1.2725624,1.2750456,1.2840955,1.266249,1.0137873,1.1207271,1.09404,1.1063939,1.05617,1.1135674,0.90641916,0.9834126,1.3580437,1.4122608,1.1045526,1.1171016,0.8725707,0.91364574,0.9223018,0.90524864,0.91394436,0.94027716,0.9343254,0.94761765
1.2048199,1.2211229,1.2035081,1.2223555,1.2630571,1.3092828,1.2190149,1.2333066,1.151399,1.1674817,1.2270557,1.2528126,1.4180835,1.3988411,1.1751863,1.155909,1.3724612,1.3913623,1.3397441,1.3539726,1.0814592,1.1377555,1.0948192,1.1124535,1.1998187,1.3040849,1.2941751,1.3766775,1.2937905,1.2976875,1.2781974,1.3051037,1.05046,1.142641,1.142621,1.1476145,1.1381633,1.1705072,0.935644,1.0227776,1.4602348,1.4690486,1.1720953,1.1888024,0.896224,0.9139429,0.9591186,0.94351834,0.9505359,0.940281,1.002612,1.0082351
1.4039034,1.4131666,1.3672498,1.4088128,1.4879416,1.5994307,1.374117,1.3650441,1.353285,1.4391305,1.4081433,1.4706827,1.5703348,1.517011,1.25518,1.193311,1.4361339,1.4711697,1.3707179,1.365841,1.3380156,1.4038265,1.2336737,1.2240666,1.5849091,1.5831096,1.6891904,1.8127137,1.5664685,1.5373046,1.7043551,1.6990477,1.2434528,1.3552603,1.1779956,1.1669853,1.0323414,1.0406404,1.0460097,1.0788783,1.5611335,1.5576047,1.109514,1.1280864,0.9087326,0.934955,0.96234685,0.97300524,0.9508383,1.0117542,0.93598497,0.9296968
1.4215482,1.4317533,1.3996112,1.4329094,1.5241268,1.6095583,1.3526634,1.362126,1.3924377,1.4350934,1.425909,1.4616597,1.5811639,1.5493413,1.2765306,1.2387117,1.439759,1.4989278,1.3907312,1.3965061,1.3477134,1.4150115,1.2520403,1.2552367,1.6490027,1.656756,1.7831433,1.9540535,1.6502509,1.6305311,1.8066362,1.7975708,1.2735169,1.4131378,1.2101548,1.2013525,1.0588163,1.0784618,1.0469515,1.0907122,1.6387272,1.6484145,1.1635351,1.210432,0.9323667,0.9433394,0.98531806,0.99124736,0.99749213,1.0041207,0.98026484,0.96503496
1.2124591,1.2133857,1.1708103,1.1824945,1.2394259,1.2200505,1.2321664,1.2544105,1.1463101,1.156908,1.1662261,1.19156,1.4365885,1.4225705,1.1113057,1.076655,1.3430796,1.3185207,1.2547079,1.2531476,1.0762106,1.0865134,1.0693637,1.021691,1.1203723,1.2333403,1.4365543,1.456191,1.3043871,1.2772936,1.3578981,1.3692492,1.0639931,1.0467025,1.0652949,1.0683064,1.1130067,1.0990849,0.9182441,0.9101597,1.4006234,1.4137396,1.0555601,1.0764349,0.858648,0.9167961,0.8440063,0.806629,0.9253875,0.8291809,0.88387024,0.8805257
1.1394022,1.1253068,1.1254331,1.0868475,1.2142318,1.148522,1.2357148,1.2684042,1.1676439,1.1149312,1.1245453,1.0733547,1.3775917,1.3023539,1.0938532,1.0493507,1.3016021,1.2649856,1.1835203,1.0952748,1.0489149,0.99143475,1.0479785,0.952689,1.2069944,1.247846,1.5147011,1.4803677,1.3579881,1.3040771,1.3616211,1.3472272,1.0537269,0.9798655,1.0275002,1.0199497,1.0869073,1.0416366,0.9205872,0.84755254,1.4685568,1.4209138,1.096668,1.1068273,0.85381734,0.9153528,0.83007634,0.7569943,0.870684,0.78548,0.8895876,0.8603928
1.3242376,1.33647,1.26126,1.2702358,1.3630046,1.4234262,1.3301624,1.317377,1.2291976,1.2898103,1.3390356,1.3756841,1.5518272,1.5434704,1.1854501,1.2458848,1.455358,1.4470221,1.3159333,1.381706,1.1988137,1.2492987,1.1746591,1.1780758,1.2711793,1.3507148,1.5357624,1.5495529,1.4063892,1.3745291,1.4776075,1.4646337,1.1664171,1.199753,1.213543,1.2161099,1.1088855,1.1140919,0.9844076,1.01232,1.4287859,1.4551839,1.0599349,1.1272316,0.8974813,0.9304766,0.9841383,0.96945393,0.9686219,0.94679993,0.99215263,1.0087107
1.3868899,1.4003313,1.312151,1.3264015,1.4258407,1.4819076,1.3718613,1.3514668,1.2924709,1.3035537,1.4015973,1.4105737,1.6612713,1.6262809,1.2299122,1.2827957,1.5487553,1.5039489,1.423077,1.4572424,1.2390988,1.2824274,1.2222635,1.2308046,1.3922071,1.456101,1.7265373,1.7229815,1.5463734,1.48645,1.5917789,1.6074601,1.2134029,1.2417285,1.2359463,1.2374551,1.154927,1.158667,1.0197711,1.0405059,1.5318159,1.5879985,1.143555,1.1897306,0.93361557,0.9324667,1.0121607,0.97948134,0.97264886,0.98378015,1.0170578,1.0284666
1.2905904,1.2724402,1.3068745,1.2811325,1.3578855,1.344095,1.292067,1.2301035,1.2322342,1.2065045,1.233557,1.2301424,1.4735708,1.4224561,1.2239964,1.1460663,1.335512,1.2936765,1.3249208,1.3134683,1.1855711,1.1841385,1.1712009,1.1465315,1.1923214,1.1466013,1.5190414,1.496166,1.3793497,1.3290155,1.3093312,1.2316234,1.168801,1.1640216,1.2476269,1.2467403,1.1775938,1.1581777,1.072592,1.0305667,1.437452,1.3949199,1.113437,1.1137373,0.93444777,0.94520783,1.004691,0.94641685,1.0144085,0.9630093,0.93433416,0.9163952
1.3410915,1.3339951,1.3405089,1.3582139,1.3901122,1.3851726,1.2621893,1.1968994,1.2332528,1.2019196,1.2389559,1.2363973,1.4475875,1.4092358,1.2653784,1.1702069,1.2840968,1.2478654,1.3537847,1.3230482,1.2231745,1.2113047,1.1897209,1.1846628,1.1849285,1.1667869,1.4922621,1.5216885,1.3923733,1.3423479,1.2984906,1.2367604,1.1787125,1.1875567,1.261562,1.263423,1.1902856,1.170475,1.075411,1.0593156,1.4597182,1.4200447,1.1457322,1.1096472,0.9490474,0.94900936,1.0585555,0.99706924,1.0594746,1.0050571,0.98290086,0.9152342
1.5420359,1.5067639,1.4546839,1.4461521,1.5635362,1.5434039,1.4107604,1.3735108,1.4045938,1.442826,1.4912715,1.4724951,1.721873,1.755264,1.4271122,1.4174423,1.5435598,1.4673724,1.5325935,1.5235572,1.4140661,1.3868219,1.3411202,1.3222,1.4912108,1.470622,1.9539809,2.0032723,1.7903436,1.6891055,1.7486612,1.7893935,1.422626,1.4030043,1.1935189,1.1780257,1.2703156,1.2514547,1.293983,1.279445,1.6595871,1.6525632,1.204326,1.2440495,0.93316954,0.940004,1.0978831,1.0657891,1.0791931,1.0513537,0.9998333,0.9791283
1.4309795,1.4068271,1.3458478,1.3439888,1.4470204,1.4406255,1.2971629,1.2407031,1.2895443,1.2971312,1.3397561,1.3327549,1.5536445,1.5822937,1.3083402,1.2728068,1.3878748,1.3204145,1.3819277,1.3395398,1.2738442,1.2528412,1.2125933,1.1604009,1.194964,1.1870769,1.5265713,1.5917852,1.5038579,1.4163074,1.4443763,1.4974666,1.3065075,1.2697656,1.0938034,1.078074,1.1436347,1.1015972,1.179042,1.1891322,1.4770849,1.4401946,1.112212,1.098309,0.88452345,0.92919457,1.0273479,0.942828,1.0184491,0.94091773,0.9392957,0.8929695
1.2469016,1.2617879,1.2832944,1.3017821,1.288673,1.3033838,1.2401708,1.2223021,1.2293873,1.2168401,1.2599229,1.2227814,1.4514842,1.4559139,1.2530547,1.2227323,1.3192912,1.3204129,1.263137,1.3728883,1.2037398,1.1992002,1.1922549,1.2160537,1.2641169,1.2608328,1.5383182,1.711859,1.4551994,1.529888,1.4809371,1.5568575,1.2156202,1.2017597,1.0951469,1.1126325,1.08746,1.1002824,0.9948933,0.9893016,1.3960311,1.3954661,1.0838631,1.1205711,0.90697604,0.9417206,1.0039132,1.0260328,0.98965734,0.9910542,0.96866864,0.9262179
1.231319,1.2527107,1.2148231,1.2141271,1.2608541,1.2632749,1.2450242,1.1950625,1.2019634,1.1819444,1.2125623,1.1918905,1.3923568,1.3486918,1.2341413,1.213419,1.3067766,1.2594142,1.2770823,1.2903041,1.1334689,1.1383598,1.1298511,1.0900277,1.114913,1.128404,1.3323079,1.4324913,1.3146683,1.2894865,1.3479769,1.3891318,1.1968387,1.1390767,1.0566388,1.0215464,1.0674695,1.0298436,0.9445428,0.96625274,1.3877339,1.3189521,1.0967507,1.0650916,0.85409695,0.93288684,0.96629155,0.9263133,0.94963974,0.9580967,0.9085097,0.8570997
1.3397765,1.3290365,1.2929295,1.2768712,1.3984457,1.4390515,1.2927016,1.300943,1.2982908,1.3165684,1.351286,1.3467883,1.5473952,1.5192976,1.1875454,1.1005752,1.3959475,1.384743,1.3612443,1.3554397,1.1851131,1.2201413,1.128187,1.149156,1.3761289,1.4058741,1.6150817,1.622123,1.4120691,1.4107059,1.5125798,1.4769533,1.1342837,1.1686413,1.1254834,1.1282828,1.1069237,1.097185,1.0107816,0.98688203,1.5594788,1.5339383,1.0904185,1.1175908,0.88694435,0.9317509,0.95620495,0.9704775,0.9293185,0.9182812,0.89341366,0.8887769
1.3047624,1.286623,1.2626863,1.2478299,1.3534844,1.3867935,1.2820029,1.2622039,1.2508003,1.261504,1.2918146,1.2880111,1.4951192,1.4589018,1.153245,1.0609089,1.361817,1.3393648,1.3084605,1.3241992,1.1281481,1.1551453,1.0870444,1.1028918,1.2892189,1.3272299,1.5242109,1.570132,1.3569138,1.3517864,1.4402604,1.4126623,1.0848458,1.1189399,1.1172299,1.125046,1.0597003,1.065844,0.96597755,0.950484,1.4805733,1.4551203,1.0729178,1.081094,0.8686819,0.92669445,0.926196,0.9389571,0.89496434,0.8911206,0.87721545,0.87306094
1.2598917,1.2862633,1.2451323,1.2927372,1.3161504,1.3636335,1.2475022,1.2846267,1.1870809,1.1699564,1.2223896,1.2671596,1.4337808,1.4347899,1.2093254,1.1851434,1.3524928,1.3743575,1.4525559,1.4104323,1.1681998,1.2105703,1.1326765,1.1503614,1.2178609,1.2307142,1.5150447,1.5221981,1.3978876,1.3958164,1.4097631,1.396443,1.2039984,1.2013919,1.1957434,1.2086776,1.1337149,1.1549609,1.0200747,1.0134355,1.4092616,1.428303,1.0735909,1.0982304,0.9321791,0.94109166,0.93434864,0.9616001,0.9479677,0.9449449,0.9508843,0.9560733
1.2375394,1.2559372,1.2267249,1.2638637,1.3091552,1.3391542,1.2662332,1.3290168,1.2106501,1.199885,1.2271857,1.2669636,1.4171059,1.4177134,1.1808388,1.1681725,1.3266808,1.3688849,1.3499327,1.3512896,1.1729149,1.1972597,1.1549454,1.163965,1.2746272,1.2890357,1.5361764,1.5446987,1.4385222,1.4340556,1.4808818,1.4478481,1.1997541,1.193223,1.1292437,1.1387135,1.0783392,1.0852417,1.0219797,1.0033044,1.4260437,1.415672,1.0713624,1.0856106,0.9126296,0.93703055,0.9289686,0.94749975,0.940604,0.9414053,0.92683715,0.9276247
1.2538317,1.2551036,1.2260593,1.2675157,1.3528593,1.3869349,1.2170818,1.2155479,1.234711,1.2362397,1.2780566,1.2906735,1.4907713,1.4951875,1.1132421,1.0721467,1.3355669,1.393242,1.35242,1.398215,1.1546885,1.1888312,1.1219755,1.1173757,1.2289585,1.3059136,1.6029987,1.8119507,1.4632173,1.4911093,1.4536644,1.5563952,1.1896577,1.2100871,1.0925738,1.0852466,1.230928,1.262394,1.1479013,1.127437,1.6922054,1.702081,1.1928184,1.2283876,0.8636108,0.9089206,0.959634,0.9613706,0.91576004,0.937894,0.9059688,0.9263409
1.2461851,1.2433783,1.223396,1.2528586,1.3404194,1.3685465,1.2192732,1.2185835,1.2486943,1.2320002,1.2586651,1.2640593,1.4768279,1.463753,1.1207106,1.0545685,1.3242275,1.3619026,1.3334075,1.3743007,1.1476107,1.1585757,1.127532,1.0985638,1.3059491,1.3072729,1.5882065,1.7014837,1.491292,1.438557,1.4364194,1.5163472,1.1848508,1.1876376,1.1009225,1.0919534,1.1910743,1.2203435,1.1430445,1.1193855,1.6594753,1.6678157,1.1876566,1.217757,0.8856327,0.91300535,0.93625075,0.9359633,0.92145073,0.9003806,0.89723796,0.91485745
1.316325,1.3567011,1.2844933,1.3157679,1.4260807,1.4591243,1.2473135,1.2138499,1.2288959,1.2353582,1.325336,1.346413,1.5105923,1.4983284,1.1233711,1.0784639,1.3406155,1.3091092,1.3406478,1.4052466,1.1919813,1.2190983,1.1031648,1.1267089,1.3308101,1.3086172,1.5369021,1.595367,1.4019787,1.3932359,1.3715348,1.3416107,1.1835465,1.1950812,1.0136076,0.997342,1.1651467,1.1847336,1.0785604,1.1263741,1.8083932,1.8445653,1.1798508,1.2185895,0.8735074,0.92009014,0.90719956,0.8826447,0.9050628,0.9111923,0.9481282,0.9394585
1.2711138,1.2881782,1.2363719,1.2741956,1.3704257,1.3970981,1.2167978,1.1780907,1.2022989,1.202221,1.2342489,1.2539669,1.4013971,1.3818761,1.105497,1.0554819,1.2663374,1.2364088,1.2402823,1.2954652,1.1549195,1.1785184,1.0514538,1.0974337,1.3027055,1.2949536,1.5064244,1.5792946,1.3726043,1.3487825,1.3328985,1.3160087,1.1491778,1.166322,1.0225583,1.0144149,1.1288105,1.1635194,1.0546925,1.0914173,1.7668351,1.8194289,1.1723491,1.1870683,0.85949075,0.9169698,0.87685156,0.85653514,0.9119869,0.8964286,0.92739916,0.92859405
1.3586366,1.3540555,1.2741227,1.2770095,1.4078169,1.4272412,1.4460454,1.4503232,1.3137561,1.3117903,1.3068151,1.3102409,1.5557144,1.5491911,1.21301,1.2903509,1.4964895,1.5233784,1.425431,1.4448637,1.2215197,1.2508897,1.1736362,1.1851158,1.296022,1.3580743,1.5398026,1.6706455,1.4617791,1.4640021,1.4687612,1.4521153,1.256181,1.2635163,1.1298277,1.1330712,1.2563508,1.3066692,1.1228561,1.1794809,1.7082222,1.7116736,1.2410744,1.2661474,0.947087,0.93159264,1.0280517,1.0265478,0.9982103,1.0049597,1.0386508,1.0636722
1.336558,1.3338544,1.2442957,1.2558748,1.3769842,1.3936535,1.4316897,1.4259648,1.2740358,1.2800243,1.2621632,1.2636906,1.5056762,1.5103235,1.1825137,1.2588974,1.4599373,1.5086915,1.3518424,1.4061741,1.1503665,1.2066939,1.1328293,1.1583997,1.2056662,1.2613767,1.4771883,1.5973632,1.3911587,1.3901945,1.3858429,1.403115,1.2096043,1.2256753,1.1106137,1.1073678,1.2277801,1.2755953,1.0713252,1.1482655,1.6733274,1.7037747,1.2316302,1.2743765,0.92941403,0.9254419,0.9950308,1.025742,0.97030085,0.9817033,1.0072095,1.0210137
1.3682688,1.3440375,1.3001223,1.2869427,1.4593699,1.3891345,1.3252958,1.2882146,1.2756062,1.2779658,1.4033263,1.3506712,1.7505312,1.6539981,1.1912303,1.1637937,1.381281,1.3814304,1.4956794,1.4854066,1.247459,1.1933205,1.226377,1.1367493,1.4688263,1.4449766,1.8558463,2.018598,1.7091001,1.6489513,1.7243321,1.6656872,1.2389199,1.204728,1.3805597,1.3768576,1.2119535,1.1801156,1.0219802,0.9685075,1.4911516,1.4067068,1.1665907,1.093699,0.9713002,0.9377064,1.0022101,0.96119374,0.9512083,0.92269737,1.0031637,0.99218845
1.2584193,1.2532033,1.187341,1.1836704,1.3198473,1.3028111,1.2603604,1.2340847,1.1735862,1.2027156,1.2612821,1.2551444,1.5764076,1.5075369,1.10754,1.1014361,1.3155096,1.294084,1.3762393,1.3759558,1.1309558,1.1192547,1.1277975,1.080742,1.2439402,1.2296026,1.52254,1.6481783,1.4546251,1.4187256,1.4672126,1.4270524,1.1476247,1.133568,1.3045336,1.2980343,1.1184925,1.1133488,0.9365327,0.9091977,1.3851914,1.3204681,1.0881699,1.051645,0.93405086,0.9316433,0.948055,0.929093,0.9263142,0.90829045,0.93515515,0.93506336
1.2061965,1.1803406,1.1719226,1.1542221,1.2482762,1.2250315,1.1852682,1.1781341,1.1456546,1.1254029,1.2302153,1.1977888,1.3701571,1.3550295,1.1692839,1.1820266,1.2755878,1.3194764,1.2337193,1.2738872,1.138069,1.0988796,1.1368232,1.0909798,1.2073746,1.203853,1.4340492,1.474553,1.373548,1.3431327,1.3835517,1.3401791,1.2032163,1.1795759,1.1277145,1.0905553,1.106457,1.11009,1.0587375,1.0309247,1.3255655,1.3030638,1.0398648,1.0489575,0.93930984,0.93927515,0.95769393,0.93685925,0.935219,0.9453063,0.9419753,0.9423129
1.2175267,1.1971244,1.1834693,1.1596475,1.263379,1.2279319,1.1845927,1.1798781,1.1504225,1.1274452,1.2269089,1.202464,1.3841423,1.3721174,1.1735181,1.1914738,1.301566,1.3280394,1.2676919,1.2985122,1.1543756,1.1134015,1.1253791,1.0786227,1.2321543,1.2191656,1.5030957,1.561032,1.4024404,1.3964328,1.405968,1.3751737,1.2003012,1.1822361,1.0965931,1.0683429,1.1030754,1.1142677,1.0757575,1.0634784,1.360518,1.3293707,1.0915271,1.0852712,0.9470417,0.94139344,0.9619144,0.9399385,0.9539518,0.9438295,0.9566031,0.96449435
1.2051071,1.2319331,1.1759598,1.1770558,1.303212,1.3107805,1.3194845,1.3150675,1.1319833,1.1832168,1.2287291,1.2117859,1.4224215,1.410667,1.1147779,1.1160719,1.3700802,1.3465065,1.254144,1.2337817,1.1198577,1.1250942,1.102439,1.1077986,1.2443264,1.2614775,1.5236565,1.560886,1.3697649,1.3763667,1.3428568,1.3089056,1.1839195,1.1648747,1.1377742,1.1644306,1.1754099,1.2000635,0.92978203,0.8995538,1.4080235,1.3873377,1.087077,1.0863944,0.9665456,0.944919,0.9407464,0.9350039,0.97489256,0.94001275,1.0040882,1.0195278
1.2148602,1.2289999,1.2193011,1.1974487,1.3336883,1.319077,1.3517402,1.3345246,1.150829,1.1783962,1.2457356,1.2032595,1.4283475,1.4053161,1.127991,1.1367495,1.3807303,1.3672416,1.224578,1.2386419,1.1358724,1.112017,1.1162653,1.1014543,1.2442164,1.2555737,1.5293835,1.5930995,1.3775533,1.3749647,1.3444937,1.3187959,1.2111838,1.1860352,1.1129667,1.1321763,1.1818765,1.1920285,0.8907523,0.87067246,1.5044656,1.4545051,1.1493746,1.1724167,0.9791796,0.9424828,0.95720685,0.9381929,0.9714405,0.97789073,1.0376484,1.0458668
1.1874323,1.1679063,1.1631714,1.1680564,1.2688487,1.2773838,1.1821041,1.2170985,1.164771,1.1708117,1.219758,1.2412207,1.4272934,1.3928719,1.144348,1.152928,1.3500253,1.3746428,1.3502126,1.3335564,1.100239,1.1159233,1.093864,1.1214899,1.2184027,1.2641497,1.4252275,1.5008577,1.349582,1.329605,1.3590127,1.3483747,1.1156672,1.1542536,1.0753595,1.0937243,1.1667782,1.19102,1.0959675,1.0648808,1.4324789,1.405335,1.0758768,1.1025474,0.8895603,0.9357008,0.9408078,0.9500839,0.89488375,0.9031863,0.9515773,0.97983676
1.3165835,1.3135843,1.2354109,1.2647915,1.3662683,1.393001,1.2766132,1.3048307,1.2532917,1.2409136,1.3332176,1.3330691,1.5545475,1.5143749,1.1888196,1.1764438,1.4233818,1.4443884,1.4666461,1.4475538,1.1405456,1.1814828,1.1481992,1.1652302,1.2977716,1.3177813,1.5075889,1.5208222,1.4016795,1.3589764,1.4102389,1.4079264,1.1258588,1.1895472,1.0759252,1.0958155,1.2057451,1.2134249,1.1914526,1.1846733,1.5121108,1.5056729,1.0911002,1.098069,0.8885679,0.93650746,1.0005002,0.9775338,0.9286642,0.9324865,0.95106274,0.9729847
1.3404347,1.3315402,1.3201754,1.3129919,1.4439088,1.4443848,1.3302349,1.3255128,1.2773954,1.3059342,1.3549144,1.3664767,1.534753,1.5262867,1.1966944,1.1330817,1.4151319,1.4411943,1.5733618,1.5321698,1.3347992,1.3057644,1.2726357,1.2663302,1.4379916,1.4884537,1.6443892,1.6918046,1.5572445,1.5363666,1.5578375,1.4624841,1.2737522,1.2465463,1.2440754,1.231019,1.1974382,1.1984698,1.0438793,1.0559953,1.508079,1.4976473,1.1450689,1.1580082,0.9689008,0.9513256,1.0650349,1.0272392,1.0339284,0.9854709,0.9988554,1.0045427
1.3627378,1.3833178,1.3414662,1.347569,1.4563812,1.524159,1.3681244,1.3828719,1.2879163,1.3476852,1.360353,1.3953604,1.535333,1.5354083,1.1500874,1.1008813,1.3932441,1.4544666,1.5629557,1.561762,1.3226833,1.3215024,1.2822691,1.2836095,1.4927797,1.536094,1.6737608,1.6868259,1.5691121,1.5356365,1.5731043,1.4757901,1.221742,1.2478616,1.1769841,1.1713175,1.2031025,1.2064202,1.0288794,1.0628743,1.5839376,1.5941119,1.1088107,1.1476307,0.94754726,0.94054,1.0702659,1.0506289,1.0078571,1.0040792,0.9642234,0.96719575
1.3383453,1.3243641,1.1909882,1.2033695,1.3611718,1.4193739,1.3657674,1.3615879,1.2776352,1.3328767,1.3792263,1.3942467,1.5869644,1.5654709,1.1790209,1.1538173,1.3688025,1.3669351,1.3784635,1.4063476,1.211572,1.241475,1.2049023,1.1951399,1.5248412,1.5170431,1.8444486,1.8513911,1.646253,1.6008917,1.6275578,1.630281,1.1586225,1.1721663,1.1974213,1.1842703,1.1977233,1.2343657,1.2219163,1.1690254,1.4808246,1.505652,1.0970267,1.1036974,0.9173777,0.9239272,0.91980636,0.9620801,0.8916499,0.92017406,0.9819244,0.9955149
1.3631762,1.3711219,1.2332662,1.2504811,1.4310873,1.4721963,1.3754121,1.393525,1.3167152,1.3565371,1.4457655,1.4538664,1.6379511,1.6382749,1.1716912,1.1515076,1.396104,1.4144499,1.4370905,1.4462568,1.2964712,1.3342313,1.298946,1.3070321,1.7403034,1.73344,1.9832035,1.9873867,1.7404935,1.7119033,1.6468402,1.6676049,1.1864985,1.1958531,1.2155361,1.1948559,1.2865287,1.3173479,1.2197247,1.1802173,1.5392146,1.5282283,1.1382247,1.1794053,0.94806963,0.9361838,0.9822372,1.0261905,0.91811484,0.9630407,1.0424631,1.0439634
1.2851185,1.3247359,1.21877,1.2603827,1.3383585,1.3923738,1.4024327,1.4356897,1.3590258,1.349276,1.3409911,1.3454739,1.5503862,1.5089206,1.1294557,1.10017,1.3246652,1.3925213,1.2019799,1.2435766,1.1997875,1.2150499,1.1851348,1.1874875,1.4790345,1.481992,1.5720209,1.634542,1.4111719,1.4170836,1.4789757,1.5432944,1.0394437,1.0277727,1.1917981,1.1759188,1.0133796,1.0222281,0.84487087,0.85247487,1.4354128,1.3800045,1.0549418,1.0503014,0.90154487,0.9287859,0.9071643,0.86851335,0.91924506,0.8673623,0.84979385,0.84444004
1.2299362,1.2601125,1.1848172,1.202788,1.3350782,1.29516,1.434074,1.4642916,1.4048789,1.3171382,1.3116815,1.2664748,1.4625866,1.4284521,1.0687066,1.0469524,1.276212,1.3462375,1.1219232,1.1317041,1.194734,1.1514868,1.1693541,1.1564797,1.4894682,1.5033369,1.5771179,1.5661284,1.3930507,1.3697659,1.4648778,1.5221523,1.0404046,0.9918373,1.1722466,1.1346827,0.99625134,1.0066007,0.80725396,0.83267486,1.4146494,1.3535888,1.0563064,1.0490218,0.9302105,0.9348507,0.8970374,0.84718466,0.9357824,0.8764436,0.84690547,0.84015405
1.3724234,1.3612927,1.2993674,1.2952793,1.4544325,1.4558643,1.4992236,1.4827161,1.4288545,1.4274008,1.481067,1.4681156,1.6831571,1.6499531,1.3112456,1.2768806,1.5794808,1.6018745,1.4318681,1.5094849,1.2971877,1.277445,1.3054662,1.2413281,1.5813928,1.5467364,1.8442738,1.9736184,1.7060286,1.6591655,1.7974731,1.814338,1.2414364,1.2580116,1.2211418,1.2111042,1.2583153,1.256675,1.1189559,1.1227958,1.4809428,1.4304587,1.1253566,1.1253861,0.9438468,0.9389253,1.0598482,1.0397455,0.98555887,0.96599334,1.0349565,1.0128101
1.420959,1.4258479,1.292685,1.306416,1.5255835,1.5254945,1.5823053,1.5718707,1.4905325,1.4924504,1.5654956,1.5351967,1.7907318,1.7428609,1.3421432,1.3129321,1.640331,1.6811757,1.4806284,1.554731,1.3420416,1.3266783,1.3431612,1.2714686,1.6545296,1.622891,1.9783375,2.0616705,1.7518898,1.7142167,1.8903298,1.8963474,1.2660565,1.2790937,1.2481141,1.2369547,1.2576065,1.2653219,1.1454688,1.1209122,1.5259196,1.4747033,1.1423751,1.159417,0.932228,0.9375837,1.0701141,1.0471685,0.97353774,0.94200605,0.99958324,1.0096681
1.3757081,1.3658158,1.219902,1.2694874,1.4060057,1.4476469,1.3298447,1.3583553,1.3055761,1.3344364,1.3650975,1.3758456,1.6043968,1.5196823,1.3098058,1.2643656,1.5413654,1.535507,1.3932132,1.3816935,1.1651078,1.1682794,1.1679013,1.1621505,1.4869758,1.4926062,1.6713414,1.7311403,1.5659522,1.4897519,1.5252557,1.5845932,1.2196654,1.2208608,1.1479429,1.1470367,1.1249638,1.1116287,1.1880925,1.1454707,1.5484946,1.5756176,1.1486511,1.19375,0.8932164,0.92378616,0.9541812,0.92461693,0.93220204,0.897115,0.96406865,0.96755046
1.452992,1.4524163,1.2685504,1.3100761,1.4490713,1.4723201,1.4581819,1.4754518,1.3564812,1.3728712,1.3702581,1.360472,1.6898354,1.6093719,1.3735619,1.3106953,1.6093944,1.6290317,1.4324946,1.4516482,1.231224,1.2073928,1.1951717,1.1695555,1.423929,1.4350256,1.6352206,1.6966856,1.5300906,1.4923425,1.5604241,1.6146723,1.286714,1.2370405,1.1410362,1.1202021,1.1586031,1.1583405,1.1934117,1.1654941,1.6659594,1.6592444,1.2121731,1.2436225,0.90808225,0.92123055,0.9902526,0.9420084,0.94111586,0.92952937,1.000834,1.013679
1.2137423,1.2070007,1.1677308,1.1537366,1.2329562,1.2381784,1.1973618,1.2266841,1.1420616,1.1469984,1.1683797,1.1579876,1.3236927,1.3235676,1.1361527,1.0887078,1.2122084,1.2247431,1.2484918,1.2439786,1.0811568,1.1122477,1.0496157,1.0582782,1.2709906,1.2569247,1.5520763,1.5530288,1.3528355,1.3382221,1.3740424,1.4216651,1.0258611,1.0345515,1.1596645,1.1858462,1.0828015,1.0769672,0.95096564,0.93650156,1.2350839,1.2141479,1.0340629,1.0272136,0.8916573,0.9209173,0.86726946,0.8899122,0.84014565,0.85026544,0.91633373,0.8941008
1.2046652,1.213142,1.1283981,1.1460835,1.2374698,1.2189959,1.182711,1.2116584,1.1594441,1.118297,1.158385,1.15541,1.2723044,1.2864264,1.1090822,1.0742165,1.2205515,1.2497824,1.2169263,1.2501007,1.09945,1.0670763,1.0595608,1.0284568,1.1879017,1.1938385,1.3694009,1.4021319,1.2790457,1.2491926,1.2659236,1.3261127,1.0293372,1.0518205,1.1367713,1.1260968,1.0193717,1.0524966,0.9092209,0.95189387,1.2225957,1.268526,0.9783858,1.0460165,0.8633373,0.928302,0.910251,0.8821496,0.870521,0.8745196,0.9105385,0.93658996
1.4068516,1.3882283,1.2413076,1.2610499,1.4266315,1.4815904,1.4026728,1.4152523,1.2892469,1.3216265,1.3210511,1.3610451,1.5821557,1.5469958,1.2880478,1.2343386,1.5740274,1.5564835,1.4689069,1.4033104,1.2242798,1.2572559,1.1751275,1.1904031,1.4316555,1.4451488,2.0282943,1.9889762,1.6846716,1.6379751,1.7263461,1.7258141,1.2347602,1.2386322,1.2273973,1.2688695,1.1801383,1.1886557,1.1017476,1.1455258,1.470588,1.4834933,1.034471,1.0500357,0.9935136,0.96848863,0.97028,0.9735867,0.9394293,0.95745873,0.98712856,1.022605
1.5663033,1.5822258,1.3844191,1.3871069,1.5985585,1.6349404,1.6197149,1.6376396,1.4695052,1.4531273,1.458924,1.489359,1.7678483,1.7688601,1.3927729,1.3440664,1.7014251,1.7291617,1.5839108,1.5906875,1.3101281,1.3376676,1.2619941,1.2526362,1.4653718,1.4912088,1.8599774,1.8768538,1.7034503,1.6816508,1.7303677,1.7344977,1.3467052,1.3383731,1.2914342,1.2887412,1.2739729,1.2881322,1.1384844,1.1821431,1.6322734,1.6409771,1.1472156,1.2109408,1.030703,0.9681368,1.0326052,1.0657034,0.9687539,1.0214295,1.087991,1.1030502
1.2258464,1.2508348,1.1744708,1.2062478,1.2503482,1.2868115,1.2782937,1.2482713,1.1399353,1.1758547,1.1951957,1.199706,1.478805,1.4618562,1.154962,1.1136904,1.38279,1.392609,1.3050381,1.2810855,1.0656354,1.1308578,1.1050279,1.0985087,1.2080184,1.2211977,1.3916185,1.4145479,1.3116891,1.3238671,1.2681503,1.3933822,1.0728899,1.154401,1.1197118,1.1332777,1.033364,1.0381193,0.870999,0.89044756,1.2944114,1.3132528,0.9564302,1.0097128,0.860423,0.9276426,0.92900026,0.9152237,0.8814381,0.9236164,0.8835955,0.8840589
1.2438639,1.298795,1.1930355,1.2148197,1.2206812,1.3223786,1.303377,1.2671857,1.0936162,1.2092644,1.1467223,1.2176194,1.3999059,1.4197589,1.1729723,1.1141338,1.3875735,1.4224374,1.2505609,1.2630268,1.0842241,1.1562374,1.1307998,1.143011,1.2562863,1.3573226,1.428474,1.5591474,1.354476,1.4136585,1.3073474,1.4789932,1.0768675,1.1479424,1.16002,1.1582721,1.0534363,1.0681413,0.84099275,0.88100594,1.3140763,1.312273,1.0229928,1.0374517,0.8867318,0.9263174,0.9399825,0.93700975,0.9498415,0.96734554,0.9176807,0.9388991
1.3797028,1.3935575,1.274146,1.2991902,1.4443521,1.4734728,1.2541189,1.2706397,1.2589443,1.3026302,1.3751241,1.3681087,1.5321784,1.494461,1.1864356,1.1451612,1.4303895,1.4182484,1.3854699,1.4264942,1.2050217,1.2328056,1.1424421,1.1112617,1.4073962,1.4480953,1.6512817,1.6692654,1.4714578,1.4547598,1.551044,1.5364807,1.1455451,1.1624556,1.0978211,1.1400591,1.1235442,1.1134728,0.9738549,0.9917704,1.548461,1.5601631,1.1760468,1.1801907,0.8716804,0.9058338,0.94125706,0.912384,0.93751144,0.9150621,0.96113604,0.9365948
1.4491453,1.4618949,1.3229204,1.3377651,1.5128536,1.5264348,1.3413115,1.3328084,1.3502148,1.3693782,1.4249942,1.3840364,1.5457064,1.5203626,1.2285967,1.1939031,1.4884531,1.456761,1.4240004,1.4807411,1.2547199,1.2959236,1.1866233,1.1759541,1.4671758,1.4918694,1.6345237,1.6490312,1.5307249,1.49544,1.5876297,1.546819,1.183231,1.2370045,1.1870533,1.2268623,1.1276157,1.1399562,0.96611685,0.9645448,1.5607116,1.5733418,1.1928865,1.2073864,0.90997,0.91711915,0.96089983,0.9432434,0.9506549,0.9474247,0.9871295,0.973642
1.4114276,1.4781126,1.3945811,1.4053468,1.4259667,1.5120286,1.3869953,1.3197443,1.2291405,1.3068827,1.2998978,1.3608537,1.5207831,1.5579082,1.356889,1.3176035,1.5066729,1.4985977,1.3435066,1.4480792,1.2043622,1.2262961,1.1794999,1.1984154,1.2269666,1.2319388,1.6464391,1.7030666,1.5649662,1.5475214,1.5375606,1.5817504,1.293941,1.3398257,1.2413642,1.1928035,1.185769,1.2882711,1.2486229,1.2864275,1.4961698,1.5113709,1.1008961,1.1560724,0.95161676,0.95398647,1.0464377,1.050861,1.0216419,0.96914876,1.0020511,1.0288079
1.3378975,1.386898,1.2972889,1.2937655,1.3121756,1.4074317,1.2677001,1.277656,1.1802546,1.2618097,1.2089697,1.2750479,1.4565855,1.4582616,1.2626536,1.2186762,1.3453982,1.3935276,1.2775809,1.3495721,1.0938306,1.1553546,1.1034664,1.1421164,1.0971909,1.1324071,1.4945093,1.5617676,1.4205123,1.4183375,1.4232253,1.4878494,1.2121247,1.2444166,1.1565433,1.141714,1.0959357,1.1526004,1.1915872,1.2159384,1.3872905,1.3833404,1.0740094,1.0990142,0.9167122,0.94392157,1.0199697,1.0222086,1.0271454,0.9951636,0.9438276,0.9681964
1.2362187,1.2203707,1.1845567,1.1779127,1.2355431,1.2312429,1.0962614,1.0476098,1.0595207,1.0370075,1.0809438,1.1009833,1.3074524,1.2988755,1.0819616,1.1182357,1.1651337,1.2091022,1.235687,1.2654761,1.0074292,1.0339634,1.009858,1.0402219,1.0644151,1.1218642,1.4476454,1.5289758,1.2813163,1.2850745,1.2623417,1.2640435,1.1284326,1.134265,1.0400835,1.0855721,1.0244864,1.0843018,1.0434165,1.0715028,1.5419216,1.5873259,1.1131475,1.1718668,0.87194216,0.9242633,0.9012803,0.9065461,0.90742266,0.907785,0.8865587,0.90615726
1.2205284,1.2524567,1.1989549,1.2100776,1.2251456,1.284541,1.1696814,1.0955976,1.0637817,1.0850126,1.0845213,1.1243031,1.3441365,1.3322008,1.0724969,1.1311014,1.2610507,1.2842233,1.2742281,1.2787275,0.99041736,1.0754511,1.029195,1.0727493,1.0726609,1.1716496,1.420254,1.4938259,1.3024762,1.3042516,1.2490474,1.2976933,1.0929435,1.1464278,1.0735716,1.1163616,1.0228305,1.0475196,1.0116934,1.0476718,1.5350971,1.5784066,1.0970688,1.1318915,0.86953765,0.91757965,0.8960507,0.9189617,0.89400357,0.9111858,0.84293365,0.8640557
1.2019039,1.2181851,1.1479789,1.1867199,1.2911757,1.3391161,1.2099711,1.2281917,1.1689998,1.2153466,1.1279218,1.1724101,1.3571503,1.2777922,1.0953885,1.066658,1.3105874,1.2685064,1.2235847,1.1800071,1.026257,1.0655563,1.043397,1.0704764,1.1988289,1.1966913,1.4641219,1.4683099,1.3557783,1.3357133,1.3333564,1.2756839,1.0117532,1.1293626,1.1278231,1.1255676,1.1199216,1.1786274,0.9133587,1.0723212,1.339072,1.5241483,1.0454801,1.1689565,0.91207224,0.92712796,0.8764344,0.9189972,0.90760964,0.92647517,0.9275929,0.9236531
1.1005111,1.1055282,1.086382,1.1039381,1.1998725,1.2343291,1.1478614,1.1519401,1.1129138,1.1672364,1.0777398,1.1339055,1.2990413,1.2506396,1.0169386,0.98833656,1.2802099,1.2379291,1.1956377,1.2484087,0.9705316,1.0247257,0.9961609,1.0422533,1.0962315,1.1232195,1.3122163,1.376601,1.2649871,1.2635581,1.2153277,1.2289728,1.012704,1.0813687,0.999975,1.035506,1.1903036,1.1679108,0.947434,1.0007663,1.4227004,1.474908,1.1013848,1.1463097,0.9025409,0.920321,0.90175796,0.9121471,0.8727784,0.868236,0.94412977,0.92646295
1.39117,1.3961127,1.2363367,1.2812109,1.3702772,1.4040946,1.4167159,1.4272105,1.2433442,1.2830255,1.2073491,1.2543118,1.4834536,1.4617392,1.3395963,1.3092963,1.5167778,1.4874073,1.3404459,1.3676251,1.1398829,1.1489455,1.1007006,1.0929824,1.2095444,1.2354175,1.5675939,1.5896344,1.4041195,1.3547037,1.4133753,1.3704939,1.2523237,1.2638122,1.157802,1.1910913,1.2677869,1.2907903,1.1989969,1.259608,1.5049995,1.5752748,1.1400957,1.2090666,1.0067246,0.95524234,0.96454734,1.0069257,0.9407521,1.0339682,1.0125203,1.0589938
1.3590742,1.3599391,1.2849121,1.3072224,1.3632625,1.3933376,1.3821167,1.3291504,1.169433,1.2546309,1.1857373,1.2631972,1.5243101,1.4608876,1.2949334,1.2734326,1.4568475,1.3954382,1.3816147,1.3649268,1.1596049,1.1726246,1.1298798,1.1344258,1.1943123,1.2178502,1.4819561,1.492609,1.3252727,1.28563,1.4271661,1.3570753,1.3135741,1.301355,1.110396,1.1295564,1.2856777,1.2943623,1.1460981,1.265694,1.6053694,1.6015023,1.1832379,1.3112742,0.97782254,0.95860976,1.0702889,1.0923489,1.0679185,1.0976915,1.071787,1.0922681
1.3137125,1.3515334,1.1698618,1.2218791,1.3080641,1.3513615,1.3951977,1.3761474,1.2265112,1.2689152,1.2208253,1.2426304,1.4139626,1.4440447,1.2094713,1.1997616,1.4741951,1.5167621,1.2272763,1.2176636,1.0824438,1.1398637,1.1106845,1.1422411,1.2743409,1.3153946,1.6396862,1.7822776,1.4623356,1.5081067,1.4846355,1.5254426,1.1226951,1.1384664,1.1387923,1.1824664,1.0958867,1.1679597,1.014297,1.1215473,1.3850816,1.4324961,1.082447,1.2187004,0.95821744,0.9375243,0.89969677,0.94900644,0.91536266,0.970483,0.91487515,0.9607487
1.2541976,1.2934271,1.1756346,1.2178569,1.2499068,1.3094562,1.2899089,1.2860042,1.147751,1.2260187,1.1956,1.225951,1.4300778,1.4700837,1.1643612,1.1445588,1.3636917,1.3701776,1.2091534,1.2388282,1.0867656,1.1385179,1.0917022,1.1188498,1.295496,1.3452275,1.6581783,1.7712815,1.4589792,1.4873043,1.507614,1.5306226,1.0853219,1.1153722,1.0954202,1.0895433,1.1439725,1.1631249,1.0095751,1.123816,1.387007,1.4704587,1.1315134,1.2715989,0.9167415,0.9374616,0.8890367,0.93811125,0.8427765,0.95562077,0.94621354,1.0327809
1.3906076,1.4161931,1.3416808,1.326709,1.3748637,1.4008123,1.3902547,1.4384298,1.2613711,1.3104979,1.3632374,1.3433663,1.6833915,1.6809407,1.3341911,1.3358344,1.456127,1.4821078,1.4181467,1.5047193,1.2332861,1.2453905,1.2293445,1.2495055,1.2554886,1.2462727,1.7272942,1.7670368,1.562156,1.5465158,1.5600357,1.6224109,1.2923137,1.3090857,1.1318114,1.1292138,1.1610403,1.2097621,1.0025797,1.0227873,1.5775511,1.5296923,1.1983821,1.190065,0.92078716,0.94072866,1.0338426,1.0416147,1.0146075,0.9947871,0.95052713,0.98297065
1.3918616,1.3842503,1.3067695,1.3102671,1.3551357,1.3538158,1.3545078,1.3931179,1.2227004,1.2810376,1.306844,1.2868527,1.6104287,1.6052339,1.2954355,1.2851102,1.4164411,1.411356,1.3591313,1.4346597,1.2362686,1.2226834,1.2299225,1.1842793,1.2496896,1.1931775,1.5301473,1.6289561,1.4688092,1.4320775,1.4232602,1.5143874,1.2425257,1.2673378,1.0925533,1.0772486,1.151934,1.1489406,0.9464137,1.0257286,1.5216544,1.5305679,1.2266632,1.1999117,0.899868,0.9374576,1.0623221,0.98259753,1.0846136,0.9836455,0.97740513,0.9192917
1.2188177,1.2457141,1.228886,1.238866,1.3064139,1.3097769,1.2544156,1.2377869,1.2004205,1.2424718,1.208018,1.2468057,1.4333495,1.4437127,1.1599152,1.162815,1.4040058,1.4034774,1.3794799,1.4128463,1.1622877,1.169489,1.1706803,1.1914102,1.2539729,1.2924545,1.6060566,1.7105329,1.414159,1.5006233,1.4165229,1.5444123,1.229509,1.2602787,1.0539486,1.0690498,1.1837773,1.2189449,1.141704,1.1577464,1.419956,1.4289128,1.1079768,1.12365,0.9484775,0.9460234,1.0033303,1.0016346,0.94828904,0.94882023,0.99559057,1.0175923
1.215654,1.2297481,1.2260948,1.2168206,1.2738374,1.3085105,1.2026275,1.176063,1.1367142,1.1996412,1.1601591,1.1898719,1.4000773,1.375591,1.1518495,1.1272799,1.3289144,1.3240914,1.3654898,1.3501147,1.1159424,1.1264439,1.1216046,1.107854,1.0799291,1.1036112,1.4430385,1.4839673,1.3333807,1.3580198,1.3059176,1.3910445,1.2093289,1.2307639,1.0427439,1.0448627,1.157136,1.1598737,1.1307243,1.1387918,1.4170926,1.3928007,1.0890049,1.0728673,0.91984725,0.94421417,1.001229,0.9598427,0.93466157,0.88496625,0.96047276,0.9236345
1.1576205,1.1716241,1.1534293,1.172138,1.2204353,1.2003657,1.2707013,1.2866218,1.1315669,1.1131637,1.1261619,1.1049838,1.4278266,1.4440172,1.070261,1.0567757,1.3065416,1.3420566,1.2763577,1.2939185,1.046883,1.0289407,1.0932242,1.0638739,1.1079632,1.0928794,1.5231917,1.5503345,1.3744938,1.3640862,1.3694793,1.3086145,1.1293882,1.1295158,1.0852479,1.0823315,1.0538001,1.042442,0.84587765,0.92764544,1.3321252,1.3300053,1.0506586,1.0742071,0.8548112,0.9176169,0.9606441,0.9678053,0.9161318,0.9447987,0.88810605,0.8981661
1.155435,1.1871397,1.159186,1.1657367,1.2505517,1.200537,1.2239717,1.2333872,1.1525978,1.1028578,1.1232909,1.0911998,1.384593,1.4374667,1.0539234,1.0554439,1.2302895,1.2709067,1.2672693,1.2930691,1.0752835,1.0303255,1.0936168,1.0538812,1.0467763,1.032107,1.5123991,1.5625472,1.3633821,1.3323381,1.3319523,1.2864704,1.1463253,1.1146158,1.1240777,1.1122385,1.0388242,1.0574391,0.8099678,0.93410856,1.3356801,1.3389646,1.0694671,1.1152723,0.86284375,0.9175855,0.96251637,0.93776214,0.9240635,0.9617988,0.89241385,0.87979996
1.450156,1.4374161,1.4795467,1.4489037,1.5023981,1.4730496,1.3587209,1.3755821,1.3796939,1.3893406,1.4048758,1.3908361,1.6527407,1.6268057,1.2733229,1.2611355,1.4899446,1.4362035,1.5473006,1.5538604,1.3441844,1.3388916,1.3452913,1.3514342,1.3465644,1.3810332,1.6947082,1.7419728,1.5576236,1.563614,1.5123881,1.5224733,1.3610138,1.3525862,1.1821538,1.1948467,1.2283416,1.2597384,1.0486189,1.1148227,1.6434011,1.6466724,1.2797706,1.309345,0.9855484,0.95897716,1.1145967,1.1493194,1.0847751,1.1325495,1.0439452,1.100159
1.4199123,1.3913913,1.4165587,1.390504,1.5297986,1.5009041,1.3254395,1.3342509,1.3476486,1.4288396,1.4930302,1.4739363,1.7180583,1.6761519,1.182497,1.1666573,1.5191579,1.4623046,1.5904621,1.5753841,1.3404368,1.3284466,1.314778,1.2738469,1.4204559,1.3826092,1.9147675,1.9604495,1.6727234,1.6447601,1.6071874,1.6099622,1.3052652,1.3083241,1.3201318,1.3330635,1.3455844,1.342045,0.9583456,1.011657,1.6515365,1.68074,1.3034968,1.3390883,0.95112187,0.92918587,1.0347006,1.0473393,0.9759604,1.0118421,1.023688,1.0475656
1.7310693,1.7129613,1.5688468,1.5439917,1.9256554,1.8970971,1.7050985,1.6477168,1.7859142,1.7698257,1.7409885,1.7554271,1.9005791,1.857655,1.4609109,1.3894427,1.8319619,1.776712,1.7097106,1.6990912,1.4644079,1.4481667,1.37763,1.3576403,1.7659909,1.7832938,1.9695579,2.0862858,1.8608928,1.7871534,1.9015338,1.9162651,1.5675335,1.5757302,1.3226023,1.2928452,1.3326752,1.3272948,1.2640003,1.2560652,1.8457289,1.7981484,1.2367948,1.2373482,0.9314459,0.929446,1.1234341,1.0810887,1.0090473,1.0254539,1.0210123,1.0036759
2.0093367,1.9557717,1.7864941,1.7514921,2.2518423,2.242368,1.8717133,1.7642776,2.0720842,1.9728581,1.9739423,2.0043528,2.1158834,2.1359935,1.5865842,1.4922625,1.9441738,1.9117614,1.9326137,1.9226243,1.6682855,1.6093403,1.5688578,1.498021,2.0767248,2.0706813,2.2839444,2.4323974,2.0846329,2.0283353,2.1053178,2.1878202,1.702058,1.6857271,1.471514,1.4389201,1.4387813,1.4286039,1.3132181,1.3307848,2.124786,2.0607846,1.4373589,1.3321255,0.95535797,0.9243502,1.2199018,1.1385975,1.1737077,1.1024377,1.1097827,1.047108
1.3140485,1.319191,1.2143086,1.2084929,1.4247222,1.4210896,1.4349899,1.4355884,1.3495626,1.3391753,1.3953207,1.3904864,1.51361,1.5441331,1.1715033,1.1009858,1.4414241,1.463774,1.4218092,1.4395012,1.2299087,1.1906289,1.1844231,1.1411619,1.4114028,1.3735613,1.43367,1.4929188,1.3738111,1.3733734,1.4828088,1.5014554,1.2234714,1.1637053,1.0518847,1.0308707,1.1976624,1.1132015,1.1870693,1.1691474,1.5396436,1.5477742,1.1069174,1.1561458,0.88706636,0.91660935,0.92554516,0.90200335,0.8484834,0.869917,0.9771365,0.9559834
1.3890972,1.373313,1.3180696,1.284874,1.5626694,1.5095476,1.4604754,1.4593421,1.4438318,1.3996953,1.520711,1.4665726,1.5698751,1.5916119,1.2101823,1.1386105,1.4673164,1.5086052,1.3968375,1.3928313,1.3468118,1.2896134,1.2133442,1.1765062,1.446773,1.4391984,1.4216939,1.4831909,1.3851495,1.3833857,1.5252924,1.55922,1.2660689,1.1850706,1.0737603,1.0564553,1.1329491,1.0462631,1.2275397,1.1693102,1.6400095,1.6132064,1.1822579,1.1406255,0.865385,0.90832055,0.91914505,0.88600457,0.8801153,0.8726649,0.9207307,0.91938365
1.6013196,1.5981317,1.551621,1.5785362,1.7766589,1.7694441,1.6375463,1.6693227,1.6627358,1.6395531,1.7344999,1.7320471,1.906116,1.911142,1.4444915,1.3522763,1.7752495,1.778428,1.6379261,1.6456621,1.439543,1.4261972,1.2998832,1.2876879,1.5802311,1.5963477,1.7116575,1.8046792,1.5589553,1.5656576,1.7389069,1.8708465,1.4508512,1.460997,1.2584368,1.2777458,1.3369808,1.338694,1.1351207,1.1442842,1.7876189,1.7622362,1.2994505,1.2957742,0.97930557,0.9322915,1.014716,1.0247918,0.9844381,1.0191001,1.0875573,1.1009624
1.7696183,1.7371916,1.6779685,1.6756091,1.9379892,1.9124905,1.7572145,1.770836,1.7954302,1.766236,1.821465,1.8184713,2.085176,2.045478,1.5460732,1.4134787,1.8987538,1.9609925,1.7363988,1.7747543,1.4829475,1.4145588,1.3360819,1.310367,1.6190318,1.5987014,1.8188182,1.9028025,1.6078424,1.6409377,1.7985275,1.9113882,1.4905604,1.5138725,1.2706767,1.3006942,1.3515105,1.3396254,1.1541216,1.1364384,1.9567703,1.9164612,1.301342,1.2740022,0.9254695,0.9092315,0.9983544,0.973434,0.93981886,0.95864236,1.0442901,1.0029628
1.2486941,1.2547606,1.2011697,1.2097628,1.2867247,1.2897913,1.2727717,1.243134,1.1480957,1.1458048,1.1865774,1.1957406,1.4544923,1.3765206,1.1423477,1.1371093,1.3996905,1.3837634,1.216841,1.2758082,1.1082171,1.0970441,1.0660944,1.0985881,1.220709,1.2024528,1.4085926,1.4532527,1.2818751,1.2969218,1.4060693,1.3520232,1.1088958,1.1114002,1.100341,1.1101663,1.1290717,1.1079696,0.87815666,0.91194266,1.4122034,1.3879441,1.1113539,1.094416,0.88095325,0.9064917,0.9002815,0.8785594,0.9024649,0.9084884,0.942033,0.9442413
1.182421,1.1963099,1.1568202,1.181892,1.2218307,1.2446486,1.2131892,1.1804905,1.1001743,1.1308339,1.1479502,1.1603163,1.4132187,1.3470279,1.0882425,1.0813149,1.3200213,1.3147396,1.1544285,1.2459038,1.0627403,1.0680482,1.0394545,1.0626395,1.2061483,1.2223972,1.4685228,1.5286667,1.3173975,1.3441933,1.4262638,1.3808953,1.0403711,1.0651219,1.0515252,1.0528837,1.0863055,1.0885231,0.8437466,0.87396854,1.3510591,1.3468428,1.0700965,1.0669576,0.84989864,0.8968054,0.8594134,0.84029514,0.86851627,0.8654087,0.8957896,0.8987851
1.4079556,1.4097722,1.3524224,1.3436786,1.420526,1.4469451,1.2889997,1.3097067,1.2029601,1.2251548,1.313041,1.3398603,1.568646,1.5693357,1.2742641,1.2409961,1.4623703,1.5101548,1.4326402,1.4709538,1.215574,1.2565217,1.2191616,1.2374496,1.2292649,1.2604803,1.5114557,1.5641661,1.4562563,1.4426545,1.4119197,1.431536,1.2832186,1.2996968,1.1724628,1.1566982,1.2422332,1.2540828,1.1769749,1.1552879,1.4390836,1.3996751,1.0995905,1.1007043,0.93051946,0.9428898,1.0216781,1.0108135,0.9301651,0.9488141,0.9400733,0.96089387
1.4190089,1.375962,1.3491423,1.329815,1.4498901,1.4192415,1.3193716,1.3284696,1.2624309,1.2309809,1.3525523,1.3312626,1.568857,1.5829738,1.2712173,1.2371968,1.4561744,1.4746695,1.4347706,1.4630563,1.2572346,1.2503887,1.3172522,1.2993336,1.4120824,1.3908697,1.713401,1.7434111,1.6259,1.6030927,1.4867936,1.4897926,1.327289,1.284801,1.235794,1.2309613,1.2286887,1.2209682,1.1758548,1.1027428,1.4788691,1.4014987,1.1209208,1.0806496,0.9409482,0.9477994,1.0595853,1.0097677,0.982014,0.94317156,0.98073155,0.95390344
1.1890327,1.2128031,1.1688901,1.184902,1.1933004,1.2759732,1.2396133,1.1633705,1.1317041,1.2005416,1.1903158,1.2215172,1.3873928,1.3317457,1.1175116,1.0873284,1.3175043,1.2968315,1.2695906,1.2255315,1.1324959,1.1771951,1.1296766,1.1018953,1.2458452,1.2874149,1.4818729,1.4853518,1.3826766,1.2916257,1.4507195,1.3849922,1.1457278,1.1865997,1.1299856,1.1227618,1.1032853,1.0735722,0.89693624,0.877528,1.4542934,1.4208621,1.167352,1.1266805,0.95301175,0.94232374,1.0282203,0.9439577,1.043429,1.0150688,0.96499705,0.936819
1.1970549,1.2106919,1.1992702,1.2117037,1.2510071,1.2019918,1.2377515,1.1822636,1.154512,1.1062495,1.1859665,1.1263756,1.3781433,1.35154,1.1416674,1.0980737,1.2960825,1.2577691,1.2346402,1.235454,1.1578557,1.0983379,1.1368409,1.0974288,1.1895759,1.1858138,1.4257885,1.4452677,1.3831859,1.2959026,1.4100229,1.3640757,1.164102,1.1450061,1.0867171,1.0604174,1.1013409,1.0955988,0.8282978,0.85562515,1.4286487,1.4076077,1.1603588,1.1576115,0.93323404,0.9413229,0.9810685,0.9571387,0.98314965,1.0016435,0.92383397,0.93727654
1.2656136,1.2734684,1.2777902,1.2733191,1.3425179,1.347995,1.2970818,1.307474,1.2103935,1.1993884,1.242465,1.2506435,1.5352865,1.5198874,1.1860442,1.191816,1.4273498,1.4269238,1.3322794,1.3428707,1.1747216,1.1746901,1.1964321,1.1959213,1.1506922,1.1577964,1.6482109,1.6611261,1.4963769,1.434516,1.3686056,1.3361583,1.273867,1.2346768,1.2610233,1.2457539,1.2002931,1.1889483,1.1824974,1.1651181,1.3973212,1.3169855,1.1379502,1.0683743,0.9465614,0.9357552,1.0381541,1.00153,0.98330116,0.95767707,0.9937139,0.9555331
1.2299314,1.2425714,1.2359179,1.2122486,1.2996649,1.3000331,1.2676243,1.2664288,1.2266005,1.1618229,1.2310423,1.2007211,1.4543864,1.4582487,1.1436373,1.1234556,1.3613276,1.3714255,1.2297817,1.240623,1.150775,1.1216897,1.1607976,1.1545784,1.1919439,1.1405668,1.5946949,1.5822519,1.4414811,1.3735977,1.3235408,1.2891142,1.2309705,1.1909927,1.2221826,1.1973066,1.1200261,1.1100837,1.1564087,1.0852334,1.3172833,1.2787294,1.0654418,1.018187,0.9174864,0.9383363,0.9850138,0.9481579,0.9336092,0.92137414,0.9305391,0.90967774
1.2719389,1.2625945,1.2770497,1.2629273,1.3240285,1.3050044,1.2165817,1.2126163,1.1881878,1.1899244,1.1156577,1.0925395,1.3833256,1.3558862,1.1743158,1.1722081,1.2449096,1.2653693,1.2572433,1.279254,1.1075568,1.112526,1.0797659,1.0767591,1.1321747,1.1535189,1.5453277,1.6313109,1.4043336,1.4223808,1.3971655,1.4088892,1.1245488,1.1465926,0.9719405,1.0026225,1.0721364,1.0830717,0.896638,0.920574,1.4896667,1.4508594,1.1565679,1.1695311,0.8376816,0.9239331,0.95139205,0.94328094,0.9338139,0.90588826,0.9341725,0.93425316
1.3178424,1.2875214,1.3006686,1.2942115,1.3778081,1.3713051,1.2671272,1.2477387,1.2468038,1.2902161,1.1764451,1.1700546,1.4449949,1.4216896,1.2227312,1.1793187,1.2793305,1.3013229,1.2804228,1.3059765,1.153326,1.1647328,1.1149302,1.1258562,1.2226341,1.217678,1.6302326,1.6865458,1.4661123,1.4725558,1.4594995,1.4781703,1.1711493,1.2054555,1.0316294,1.0722594,1.1167259,1.1163883,0.9082732,0.9285984,1.5570815,1.5360079,1.2280917,1.2505026,0.8523017,0.91759807,0.98528415,0.98936665,0.9611025,0.98562783,0.97289366,0.9562698
1.3380545,1.3575335,1.2934327,1.3311094,1.4008254,1.4557444,1.1943855,1.1814526,1.2480851,1.2507919,1.3178493,1.349729,1.5250906,1.4907295,1.2551789,1.2113131,1.3729231,1.3388859,1.3411216,1.4434572,1.2065004,1.2085699,1.2016296,1.2128332,1.3113903,1.3590893,1.7075096,1.7777219,1.5741502,1.5768063,1.4333421,1.4642711,1.2065985,1.3278545,1.31376,1.3201255,1.0834256,1.1326736,1.0273037,1.07536,1.5048857,1.5922704,1.1176476,1.1963124,0.89710206,0.9363922,0.9543437,0.979068,0.96700126,0.9714333,0.915861,0.90536773
1.2364215,1.2540628,1.2343477,1.2173033,1.2867106,1.3415248,1.1404963,1.1742839,1.1874413,1.183393,1.2166992,1.2762464,1.3630995,1.3326049,1.1960784,1.1718316,1.2555503,1.3461151,1.2409685,1.261379,1.1481164,1.1685132,1.1514534,1.1613363,1.2449713,1.2999946,1.5572479,1.5934088,1.4538146,1.4468645,1.3046837,1.3368001,1.218445,1.2559325,1.221847,1.2550724,1.0799421,1.0878302,1.0265393,1.0234454,1.5373368,1.525145,1.1594578,1.1646917,0.9104652,0.9404539,0.94674706,0.9516766,0.96749353,0.99212813,0.8973371,0.9020567
1.1482232,1.1449059,1.1770105,1.1614267,1.2397027,1.23094,1.1113766,1.1422569,1.080105,1.1116729,1.139991,1.1374943,1.2838842,1.2432007,1.0467185,1.0578134,1.2054716,1.1764692,1.1799705,1.1327734,1.1093969,1.109949,1.0874125,1.0785985,1.0766169,1.1100013,1.3787194,1.4123846,1.3121104,1.2768775,1.2473515,1.2788607,1.1479496,1.1582967,1.0829694,1.0612272,1.0916258,1.1246325,1.0377634,1.0302074,1.3978139,1.3883086,1.1045177,1.1383076,0.89519715,0.92293006,0.944325,0.85535836,0.92343855,0.90547144,0.928236,0.92386484
1.2307746,1.2300361,1.2353693,1.2089777,1.3159988,1.3066537,1.2133656,1.2355586,1.1524153,1.1861185,1.2026176,1.1882277,1.326292,1.2587467,1.1509632,1.1420188,1.2423935,1.2626876,1.1657542,1.0836346,1.1850232,1.1339878,1.1497312,1.1405716,1.1019251,1.1857183,1.4597421,1.5191315,1.3571974,1.3551103,1.3028944,1.349848,1.2446971,1.266957,1.1070975,1.0832493,1.242595,1.2298911,1.1590252,1.1545104,1.5627619,1.5669701,1.2521396,1.3149055,0.9510626,0.92945457,0.98632234,0.85937923,1.0067806,0.96054506,1.0138134,1.017602
1.1956801,1.1850811,1.1540946,1.1507983,1.2490777,1.1951241,1.09469,1.096055,1.0817378,1.0397162,1.1577231,1.081544,1.3777405,1.3239026,1.1152394,1.0525159,1.2101938,1.2539277,1.3395762,1.3044249,1.0275072,0.99175876,0.98585147,0.95620143,1.0518508,0.9693507,1.3822833,1.3975722,1.228904,1.1692501,1.1974176,1.1443512,1.1082575,1.0867541,1.0307249,1.0240846,1.0879661,1.0819868,0.9695443,0.95990807,1.4243088,1.3934503,1.0402821,1.0674064,0.8601177,0.90896994,0.91104496,0.898649,0.8739981,0.88542384,0.85568154,0.8747548
1.139146,1.1504605,1.0845758,1.0917768,1.2077817,1.1821156,1.1365873,1.1392477,1.0810541,1.0731884,1.1267684,1.07758,1.3989261,1.3443964,1.0531734,0.98564464,1.1877897,1.2431034,1.2821523,1.2765167,0.9922838,0.9663472,0.9725677,0.9298346,1.0869734,1.0150235,1.4592593,1.4692514,1.2920822,1.2435569,1.2516944,1.188381,1.0792785,1.0260824,1.0496929,1.0377463,1.0614446,1.0304166,0.8937129,0.91882116,1.4150251,1.3617959,1.0627154,1.0452572,0.8594928,0.90502965,0.8791723,0.85026324,0.84095746,0.8073853,0.8319393,0.8357687
1.4588698,1.4698479,1.4089705,1.4078975,1.5381657,1.5350294,1.4258504,1.4095699,1.359116,1.3608698,1.4673876,1.4324878,1.694282,1.7155831,1.382055,1.3387048,1.5582019,1.5212401,1.5388525,1.6294309,1.3224431,1.3126022,1.3237344,1.2652301,1.3180202,1.339156,1.583401,1.6135535,1.5615301,1.5485268,1.4618316,1.5036119,1.3282387,1.3310173,1.2168288,1.2121415,1.1970881,1.2072994,1.277767,1.2478433,1.6163868,1.5984784,1.2325957,1.2454041,0.94066465,0.9456272,1.0818568,1.0504586,1.0562881,1.0810081,0.9915134,0.9572743
1.4407138,1.4665512,1.3844014,1.406995,1.4921163,1.5161356,1.423764,1.4306893,1.3408754,1.3529043,1.4734093,1.4283532,1.703119,1.6964691,1.3833466,1.363336,1.553286,1.520668,1.4809434,1.589625,1.2794446,1.2912431,1.2922548,1.2694962,1.3124902,1.3266096,1.5408771,1.5247185,1.5028518,1.4965507,1.4564229,1.4658077,1.346829,1.3127763,1.2105945,1.2025734,1.2212756,1.1986158,1.2286133,1.2768753,1.5602223,1.589311,1.2038435,1.247656,0.9320555,0.93647456,1.0750347,1.0365716,1.0659435,1.0917084,1.0061398,0.9857199
1.5067953,1.533851,1.4781953,1.463566,1.5545863,1.5697982,1.4767816,1.4439923,1.420531,1.426729,1.4382987,1.419446,1.8014507,1.7267852,1.431444,1.3300742,1.5926996,1.5621126,1.5870942,1.5991955,1.2994134,1.2333883,1.3306397,1.280935,1.4552008,1.4656712,1.8310553,1.8217808,1.7363349,1.7240627,1.7232485,1.6480308,1.3854549,1.3395503,1.2933652,1.2748735,1.2707453,1.2347869,1.0542738,1.0360438,1.601189,1.5762879,1.1727132,1.1366882,0.96162283,0.94564503,1.0247066,0.99988157,1.0083259,0.9544457,1.0018333,0.9506431
1.4488218,1.4711115,1.4074882,1.4237614,1.5277854,1.5326296,1.4702253,1.4463009,1.4110056,1.4174838,1.4260439,1.40236,1.7679088,1.7297379,1.371797,1.2960718,1.527035,1.559227,1.5199847,1.5601501,1.2304728,1.1962674,1.2826598,1.2584571,1.4067594,1.4378552,1.6871221,1.7104307,1.5920976,1.5981892,1.6701773,1.5679008,1.3697507,1.3475075,1.2390544,1.2526355,1.2059834,1.2327119,0.9885142,1.0033383,1.6107026,1.6000965,1.1634113,1.1978123,0.95621645,0.9472463,1.0213727,1.0149988,1.0149788,0.994307,0.9443181,0.94977385
1.180375,1.1718705,1.088909,1.1082057,1.2090164,1.2295572,1.1823151,1.1685885,1.0832938,1.119711,1.1305991,1.1420745,1.3381081,1.3176806,1.1558926,1.0840319,1.2763747,1.2751516,1.2092016,1.2550398,1.0008,0.9974052,0.9543272,0.96412003,1.084276,1.0420042,1.3314936,1.4561884,1.1778944,1.203461,1.2260109,1.2586086,1.0614182,1.0804981,1.0274457,1.046613,1.1513685,1.1541351,0.8953496,0.9074946,1.4776859,1.4580345,1.1435902,1.1559206,0.90351427,0.92811996,0.8506304,0.8319886,0.7583184,0.8066126,0.9309038,0.9624454
1.1872774,1.182382,1.101446,1.1249038,1.211869,1.2693835,1.259141,1.2303456,1.1429799,1.1928699,1.1954023,1.2211523,1.3648502,1.3513479,1.1478784,1.1048064,1.3127191,1.3369099,1.180546,1.2244086,1.003269,1.0305953,0.96707594,0.98617035,1.2055964,1.1814125,1.4500865,1.59578,1.23128,1.2517018,1.2828549,1.3297464,1.0493573,1.1052828,1.0205219,1.0396086,1.1292706,1.1513593,0.86050045,0.9041529,1.5004406,1.5050769,1.0882077,1.1405435,0.92929125,0.9383739,0.8414892,0.8681541,0.7850789,0.85136116,0.9354077,0.94640934
1.4089262,1.4498343,1.3559744,1.4217972,1.4684031,1.5757948,1.3932031,1.436558,1.2655088,1.3933483,1.391971,1.5015435,1.6977961,1.7346339,1.1885241,1.1606227,1.5180402,1.5522083,1.3384783,1.4293826,1.2486067,1.3442272,1.1286243,1.2307138,1.3496956,1.4535768,1.5402045,1.6883318,1.4310797,1.5110426,1.4943906,1.516671,1.2154874,1.3359964,1.1192008,1.1358244,1.2942009,1.3393933,1.108751,1.1785662,1.6697369,1.7866911,1.1810365,1.2896103,0.9242769,0.9225736,0.97996134,1.0116603,0.8979998,0.95443344,1.030028,1.0499878
1.3670677,1.4040476,1.2820209,1.3342538,1.4115549,1.4679794,1.4074342,1.4338249,1.2518227,1.3274453,1.3378415,1.3999972,1.5973777,1.6336039,1.1526643,1.1282848,1.4720294,1.49014,1.2980545,1.3708471,1.2346392,1.2772546,1.1016163,1.1511599,1.2742925,1.2631671,1.4325194,1.4786009,1.3352393,1.3569767,1.3886948,1.4044257,1.1871713,1.2527215,1.0907837,1.0874608,1.2564573,1.2771033,1.0724535,1.1344984,1.6090536,1.6704432,1.1334413,1.2401,0.90628,0.9200494,0.9482736,0.9640767,0.9105231,0.92965245,1.0032558,1.0044334
1.2623601,1.246031,1.3007128,1.269109,1.334335,1.295496,1.2430309,1.2235011,1.1916897,1.1940098,1.2674809,1.2313776,1.4190484,1.4090288,1.1791207,1.1833541,1.343142,1.3314917,1.2813915,1.2825316,1.198994,1.1610177,1.1333132,1.1108038,1.2460147,1.2046132,1.4944781,1.5272516,1.3106762,1.3311683,1.4487834,1.381761,1.1940235,1.2011065,1.1649481,1.1609042,1.1381809,1.1474787,1.0820651,1.0952079,1.4823027,1.4791276,1.0872905,1.1382867,0.9257312,0.9348088,1.0130829,0.9745767,0.9820389,0.9706752,0.9738003,0.9662166
1.2416391,1.2345732,1.3193489,1.3257113,1.3599843,1.3003689,1.2404301,1.2117716,1.2043906,1.1499006,1.3177685,1.2193618,1.4838175,1.4498883,1.1468804,1.1750554,1.3588734,1.3240423,1.3312801,1.3128859,1.2171946,1.1429516,1.1918948,1.1437329,1.4386824,1.3391155,1.7174716,1.7867758,1.463595,1.4806286,1.6008387,1.5076716,1.2093425,1.2137104,1.1679294,1.1496514,1.2100844,1.1821386,1.0992086,1.1002867,1.5989963,1.5897436,1.1507488,1.1839485,0.93069005,0.92589784,1.0317198,0.94747216,0.94203246,0.94511455,1.0177445,0.9967677
1.2470125,1.2247436,1.1997795,1.1903713,1.3411378,1.3108785,1.1871905,1.1833827,1.2339694,1.2362642,1.2659436,1.2493178,1.3878372,1.3603113,1.16291,1.0468832,1.2568107,1.2710909,1.242315,1.2219889,1.177393,1.1687983,1.1327468,1.1084346,1.3007866,1.2759525,1.5223516,1.5663722,1.3804688,1.3614187,1.4116433,1.4122059,1.1469768,1.1205164,1.1655946,1.1612222,1.0916886,1.1018323,1.0387131,1.034934,1.3888425,1.3725533,1.0567777,1.0524924,0.92094916,0.9340447,0.9527661,0.95732826,0.9051501,0.91250235,0.8617871,0.8732055
1.2929147,1.2821535,1.2340189,1.2546425,1.3960117,1.3924536,1.2318215,1.2462765,1.2506629,1.2544069,1.3484428,1.3183784,1.5142542,1.4692018,1.17079,1.04821,1.3083475,1.3322492,1.3428795,1.3454425,1.2285869,1.2197129,1.1968842,1.176497,1.5753335,1.461788,1.8719712,1.8638228,1.6329362,1.536141,1.5750812,1.5725021,1.1534072,1.1502695,1.2622375,1.233926,1.2225935,1.218456,1.0398331,1.0363338,1.5307417,1.509265,1.1385098,1.1144611,0.93595564,0.9314227,0.96534777,0.94223005,0.8616392,0.92020595,0.92160565,0.9139476
1.3709736,1.3528464,1.308689,1.317506,1.4785492,1.4347838,1.4558773,1.4774927,1.3584292,1.3458035,1.3855036,1.344228,1.6447567,1.6416693,1.259508,1.2429396,1.5354402,1.5585997,1.4071555,1.4345725,1.2743689,1.2312832,1.245287,1.2199062,1.3015795,1.2920233,1.6427118,1.7413063,1.5387417,1.4826802,1.523413,1.5460726,1.3129586,1.2788837,1.1371177,1.1322869,1.131028,1.1485386,1.0360968,1.0044891,1.5801327,1.5499495,1.1357623,1.1359961,0.9329691,0.9480694,1.0097059,0.99548966,0.96547425,0.935219,0.962145,0.9650439
1.4681813,1.4636867,1.3912653,1.391592,1.5967631,1.5679971,1.5624498,1.5814272,1.4766631,1.4832114,1.5060761,1.4721503,1.7562541,1.77801,1.2780674,1.2609882,1.5614222,1.5998601,1.4465424,1.4963114,1.366759,1.3293236,1.3414569,1.3103853,1.643329,1.6099666,1.9744812,2.1441567,1.7740421,1.7132763,1.7662395,1.8194876,1.3302509,1.3043126,1.2902935,1.2581344,1.1710021,1.1960231,1.0345396,1.0172571,1.580677,1.5621166,1.176512,1.1526078,0.99363476,0.9569198,0.999615,1.010341,0.9415974,0.9540438,0.9902051,0.99618864
1.2027992,1.2151943,1.1871798,1.1847104,1.2160132,1.2210894,1.1858946,1.1815687,1.0605505,1.0373945,1.1279278,1.0956969,1.3629589,1.3670594,1.2119094,1.1793543,1.2409931,1.284668,1.1458296,1.235458,1.0771424,1.0540932,1.0808014,1.0639342,1.174266,1.160126,1.4603593,1.4685683,1.334988,1.3592533,1.3337022,1.2933764,1.1374291,1.1163317,1.1225612,1.099539,1.1892303,1.1868496,0.9913131,1.0094258,1.4086148,1.3893843,1.0751741,1.0937781,0.8762273,0.9355892,0.90811837,0.8903461,0.85822314,0.85688365,0.9477863,0.96385866
1.3077666,1.3086593,1.2275509,1.241352,1.4067878,1.3879979,1.2912556,1.2847669,1.270653,1.2057958,1.2846892,1.24286,1.4614666,1.4548042,1.1871173,1.1615779,1.3214018,1.3360907,1.2004954,1.2467145,1.1884978,1.1517229,1.1397735,1.1183904,1.4177142,1.3841443,1.6670657,1.714918,1.4728426,1.492493,1.4707465,1.4240593,1.1844074,1.1523982,1.2214931,1.2051651,1.2397496,1.246924,0.98261505,1.0092909,1.4638636,1.4346659,1.1510794,1.1510807,0.92109877,0.9447771,0.91870683,0.910094,0.8752446,0.8484426,0.9741694,0.98356384
1.4457784,1.433199,1.3791553,1.4112612,1.4709257,1.4905733,1.330318,1.3378764,1.2561542,1.2294917,1.2547758,1.2261616,1.5275006,1.52173,1.3444903,1.2307957,1.4774265,1.5158561,1.4303524,1.4690993,1.1936517,1.1776686,1.1079047,1.1088963,1.143269,1.1202768,1.3447412,1.4123961,1.3088146,1.3087689,1.3064474,1.2657146,1.3002208,1.2780975,1.1209984,1.1065036,1.2791151,1.292138,1.2180218,1.1726978,1.6635141,1.6508557,1.1774628,1.2187369,0.9241939,0.9264882,0.98824984,0.9767321,0.94320405,0.9427848,0.9939674,0.98836297
1.3148313,1.3237308,1.3021246,1.3099071,1.3471637,1.3887534,1.299124,1.3065367,1.2119524,1.2031063,1.2456664,1.2454603,1.4874774,1.4863043,1.2495016,1.1337953,1.4040766,1.4341251,1.3778973,1.3951482,1.1513368,1.1764281,1.1239452,1.1466299,1.2015331,1.206991,1.420677,1.4920522,1.3705853,1.3492608,1.3740208,1.3135762,1.23484,1.237496,1.1252139,1.1287085,1.2421138,1.2406274,1.1597966,1.1287512,1.6150739,1.5667723,1.1228874,1.1670972,0.9055698,0.9237034,0.99812543,0.98501027,0.941339,0.96697694,0.95850307,0.95327777
1.129226,1.1279374,1.0863566,1.077773,1.2187133,1.2152405,1.1742421,1.1722006,1.1102774,1.1052157,1.1037531,1.1048572,1.3229148,1.3154333,1.0406076,0.98877925,1.1838237,1.2376136,1.1922952,1.229834,1.038865,1.0428284,1.040325,1.048064,1.1980356,1.1855398,1.28,1.3774914,1.2860485,1.2774163,1.2525622,1.2968985,1.0061827,0.9969716,1.0240734,1.0349138,1.0556347,1.0609508,0.84624857,0.88575375,1.3551133,1.339735,1.0090549,1.0194789,0.8707538,0.8949445,0.8206745,0.8038083,0.8311306,0.8062717,0.87834,0.88435435
1.2289925,1.2149993,1.1346061,1.1327263,1.3066213,1.3078825,1.2838864,1.2636888,1.2104316,1.2311966,1.2190633,1.2148864,1.4402533,1.4214587,1.0753154,1.010513,1.2887561,1.2930934,1.2504514,1.2747576,1.0843737,1.0966622,1.0718944,1.0699921,1.3032478,1.2913918,1.32523,1.4185072,1.346067,1.3116707,1.3542428,1.3994824,1.004481,1.0370487,1.0171037,1.0394979,1.1214973,1.1210845,0.8384959,0.89716345,1.4445636,1.4483713,1.0465554,1.044032,0.8608156,0.89299643,0.82499903,0.83818215,0.8138163,0.81406176,0.88373125,0.8835142
1.3612164,1.3583703,1.3364251,1.320829,1.4563727,1.4514568,1.3537694,1.3968916,1.3269229,1.2922602,1.3435657,1.3272538,1.6049154,1.5903786,1.2043741,1.16236,1.435602,1.4177698,1.4898216,1.5697968,1.2395887,1.2523263,1.1893269,1.2085961,1.4451551,1.4616972,1.8824557,1.9671339,1.583312,1.6234772,1.698155,1.6199633,1.1828755,1.2030991,1.2132312,1.0847869,1.202743,1.199302,1.0373186,1.0552181,1.4782736,1.4774989,1.1098375,1.1171224,0.9431064,0.9470425,1.017363,0.99425906,0.9794614,0.9717741,0.9778951,0.9511136
1.3724517,1.374524,1.3328292,1.3328701,1.4422824,1.4678637,1.382177,1.4033449,1.3486071,1.3270692,1.383105,1.3564782,1.6318806,1.6119099,1.203796,1.1723412,1.4613203,1.4205824,1.500973,1.6097153,1.2365425,1.2777387,1.2268996,1.2605847,1.5423802,1.5367439,1.9930526,2.1266508,1.6549708,1.6890752,1.7931404,1.7262722,1.1749867,1.2298319,1.209164,1.1203842,1.2046046,1.2207781,1.017585,1.0629128,1.4735786,1.506119,1.1277454,1.121393,0.92765796,0.9451711,1.005612,0.9927912,0.97812456,0.9615865,0.93089503,0.91743577
1.3631855,1.3630531,1.3480445,1.3314563,1.4429063,1.4401987,1.3438357,1.3511474,1.2836002,1.2749665,1.27709,1.2809817,1.4730396,1.4510252,1.1798147,1.1376729,1.4399936,1.4046806,1.4413587,1.4187708,1.188023,1.1837463,1.1534626,1.151729,1.3111545,1.3460194,1.7546173,1.6853458,1.4791572,1.4556392,1.46689,1.4020038,1.231147,1.1627858,1.1079974,1.0658334,1.1802229,1.1872041,1.0424211,1.0108792,1.6671163,1.6320456,1.2317811,1.2339948,0.8833575,0.92420113,0.98529696,0.94597024,0.92615193,0.88470465,0.95530033,0.92861974
1.4967201,1.4762051,1.3999195,1.3581072,1.5587434,1.5507371,1.472126,1.4340863,1.3781277,1.3782761,1.3994434,1.3939229,1.5748603,1.5476567,1.1963997,1.1393883,1.5188601,1.4847182,1.5110217,1.5010766,1.2209283,1.2090465,1.1583916,1.1510935,1.3514092,1.3877364,1.8253992,1.7404333,1.4464916,1.4408098,1.5025052,1.4459349,1.2420411,1.1865153,1.0753521,1.0737528,1.2206534,1.2324221,1.1112278,1.0716854,1.8817288,1.8245533,1.255954,1.2623776,0.84197706,0.9031498,0.9498987,0.9012383,0.83424777,0.80224997,0.8852798,0.87856376
1.2209978,1.2050744,1.0786439,1.0996375,1.2402573,1.2220304,1.174032,1.1741664,1.1195847,1.1146601,1.1241418,1.1236672,1.3635293,1.3629243,1.0660965,1.0197451,1.2583308,1.2756131,1.2303782,1.2513092,1.0296669,1.0207635,1.0529997,1.0440118,1.2711421,1.1935487,1.5713507,1.6943837,1.459917,1.4350312,1.3313051,1.3345473,1.0599837,1.10096,1.1254632,1.1320537,1.083011,1.090572,0.9378658,0.979564,1.3119153,1.3661772,0.99466246,1.0135937,0.8886784,0.9154208,0.87978995,0.87028646,0.8568442,0.8742979,0.84111947,0.8455683
1.2764839,1.2721018,1.1598467,1.1583111,1.2950892,1.3095062,1.2492094,1.2464157,1.152767,1.1988108,1.1658757,1.1903669,1.4185325,1.4139674,1.1322669,1.0694917,1.322701,1.3163643,1.263907,1.309167,1.0567582,1.0913506,1.0683187,1.0692858,1.1993778,1.1817042,1.5396044,1.487797,1.4602729,1.4046317,1.4203197,1.3543721,1.0911459,1.1213539,1.1563433,1.1814126,1.0955238,1.1004357,0.95965844,0.97845626,1.3847775,1.363285,1.0886838,1.0299628,0.9040034,0.9233352,0.90178645,0.8798788,0.8897085,0.8620712,0.89860994,0.8840444
1.2356441,1.2124758,1.1610061,1.1329417,1.286991,1.257426,1.1512316,1.1846844,1.0953969,1.1253332,1.1803896,1.153734,1.4374039,1.4164327,1.0710946,1.1049582,1.3032968,1.2881321,1.3315747,1.3798754,1.1129851,1.0819539,1.1673784,1.1335299,1.2176774,1.1832465,1.5197191,1.604078,1.3890125,1.4093244,1.2860739,1.3149132,1.1236502,1.0855421,1.1317008,1.1362528,1.1519836,1.137026,0.8919215,0.94418913,1.439337,1.3837078,1.1493592,1.1291623,0.90606827,0.9188352,0.9724958,0.94494945,0.9788434,0.9380871,0.9595289,0.948643
1.1764798,1.162631,1.127277,1.1269417,1.212806,1.2930489,1.1685952,1.1672044,1.0301425,1.1241992,1.1811625,1.2167236,1.4519393,1.4476196,1.0429345,1.0954059,1.305569,1.3556772,1.3147719,1.3731228,1.0483499,1.0955722,1.1721759,1.1538098,1.2255312,1.238356,1.4933184,1.6599878,1.3637282,1.4151129,1.2489312,1.3220577,1.108916,1.1093875,1.1428592,1.1534151,1.1897926,1.1765356,0.8512835,0.9310586,1.4592278,1.4558631,1.2088428,1.2308158,0.89892876,0.9267248,0.9899812,0.96567833,0.9610265,0.95839894,0.98623663,0.9703442
1.239333,1.2498616,1.1755328,1.197581,1.2432148,1.278854,1.2194417,1.2003978,1.1158363,1.1884193,1.1440506,1.1718527,1.387224,1.345773,1.1666986,1.1817728,1.3268856,1.3263113,1.2908727,1.2876021,1.0460236,1.0636692,1.0961795,1.1091064,1.2095038,1.2260735,1.6658105,1.7619452,1.4345059,1.4015257,1.3962967,1.4201967,1.110672,1.1653783,1.0963384,1.1159607,1.1700107,1.1740434,0.96428835,0.9918007,1.3069314,1.3416924,1.0257717,1.0318642,0.95312726,0.93862027,0.93632865,0.9345151,0.8827112,0.8857877,0.9995009,0.98148704
1.2603158,1.250544,1.1848602,1.2056117,1.2859193,1.268195,1.2192329,1.1728593,1.1781361,1.1509112,1.1925715,1.1840687,1.3499976,1.307831,1.1514094,1.1665486,1.302418,1.2904328,1.2459123,1.2522866,1.0900409,1.0692081,1.1234753,1.0971414,1.3204751,1.2896289,1.7541056,1.8673643,1.4895641,1.4806881,1.4317847,1.4451725,1.151063,1.1397189,1.0656004,1.086345,1.1567183,1.1345613,0.9654143,0.99257475,1.3419359,1.354421,1.0645959,1.0514009,0.9233095,0.9286,0.95555085,0.9098795,0.9533466,0.92288154,0.9895668,0.9642621
1.2345785,1.2103513,1.1341287,1.1315007,1.2529048,1.2432313,1.3718592,1.3558257,1.1591836,1.1493582,1.1877371,1.1931183,1.4629939,1.415017,1.0793053,1.0942451,1.322493,1.3232572,1.1688746,1.1765498,1.0479257,1.0119506,1.0668094,1.0275856,1.2376009,1.2317749,1.4831672,1.5229865,1.3123943,1.289102,1.2957169,1.3387253,1.0494292,1.0558294,1.0862209,1.0983176,1.0831298,1.070373,0.8834115,0.8955664,1.4283928,1.4116285,1.0550907,1.037968,0.8088968,0.89481366,0.886873,0.8085528,0.896067,0.86045176,0.8372791,0.809467
1.1882762,1.1857765,1.1110017,1.1310805,1.220441,1.2552985,1.3494818,1.3320557,1.1247427,1.1342849,1.155335,1.1818062,1.4361607,1.4107941,1.0520416,1.0506293,1.301326,1.3071098,1.1345128,1.134517,0.992954,1.0053842,0.98815453,0.97716147,1.232066,1.2484614,1.5268259,1.6131331,1.3248451,1.3208137,1.298188,1.4102653,0.984131,1.0265181,1.024615,1.0597512,1.001698,1.0104091,0.7481122,0.78621066,1.2976912,1.3281168,0.9798378,1.0163862,0.7587155,0.8729926,0.7938044,0.7208106,0.8113607,0.79182047,0.82060325,0.81030643
1.1869857,1.2171526,1.1332169,1.1568891,1.2296864,1.2726394,1.1777819,1.1768548,1.129484,1.1798807,1.157039,1.1632388,1.3108273,1.346965,1.1165587,1.0928593,1.2504028,1.2881329,1.2231978,1.2531332,1.095716,1.1165872,1.0590483,1.0650309,1.1757877,1.177549,1.396913,1.484117,1.2440197,1.2733048,1.3119601,1.31804,1.1023115,1.1100997,1.1026555,1.0567085,1.035669,1.0552883,0.98193574,0.99277604,1.3085456,1.3127239,0.990573,1.0078655,0.87757975,0.9312874,0.94038296,0.93298215,0.85840654,0.9051854,0.9009394,0.88805044
1.1870073,1.2320663,1.1285728,1.1601309,1.237568,1.2714926,1.1872249,1.1409317,1.1029873,1.1460286,1.1388512,1.1507866,1.3105597,1.3523165,1.0842377,1.0564611,1.2685813,1.2785522,1.2412268,1.2410892,1.0642772,1.0897208,1.0440196,1.0497944,1.1687758,1.1838323,1.4479374,1.5822161,1.2322199,1.3031286,1.2614625,1.3187233,1.0862964,1.0621892,1.1526918,1.0909673,1.0466033,1.0692713,0.96606565,0.9799817,1.3131514,1.3068343,1.0343386,1.0080723,0.86628276,0.92024314,0.9110853,0.91138065,0.86542743,0.87612206,0.9106071,0.89783597
1.2831353,1.3367695,1.3285004,1.3405234,1.376767,1.3996016,1.1488404,1.1919026,1.161203,1.1872061,1.3215519,1.3233621,1.5252982,1.515804,1.2279199,1.1925566,1.3165725,1.3962905,1.4432158,1.5121918,1.2170423,1.2195474,1.1431141,1.1279261,1.4036522,1.4021041,1.5561671,1.6122987,1.4364932,1.479274,1.363897,1.3790897,1.2515011,1.2442244,1.1749105,1.1705148,1.1846231,1.1962287,1.0424936,1.0381826,1.5678153,1.5245509,1.0971866,1.1106149,0.8775427,0.931674,0.9636265,0.92860895,0.9520488,0.94523674,0.8965071,0.92324495
1.2346085,1.2784669,1.2767808,1.2930845,1.3244137,1.3364005,1.0963497,1.1366464,1.1253167,1.1177362,1.2740176,1.2721139,1.4637532,1.4715922,1.1824707,1.1664051,1.241079,1.3742818,1.3699903,1.4637281,1.1820146,1.1774381,1.1258506,1.1057521,1.3569882,1.3634863,1.5137032,1.5142325,1.4184492,1.4317567,1.3477495,1.3266717,1.2290391,1.2011594,1.162519,1.1620873,1.1744505,1.1614935,1.0062503,1.0064102,1.5408311,1.4764752,1.0452235,1.0791491,0.8482122,0.9127353,0.9411709,0.90861773,0.90694433,0.952233,0.87322015,0.8988858
1.1277889,1.1345747,1.070075,1.0696663,1.2099204,1.2144971,1.213183,1.2202281,1.1366614,1.131067,1.1490318,1.110285,1.299237,1.2632918,0.968908,0.926842,1.2080572,1.1760825,1.122699,1.1037942,1.0034752,0.99110854,1.0137062,0.98176247,1.2925658,1.2679678,1.5478773,1.649024,1.383943,1.3336726,1.4063506,1.3356265,1.0174875,0.9905379,1.0532217,1.0453156,1.0933735,1.0188947,0.80426323,0.75754917,1.4189439,1.3724785,1.0398688,1.0122396,0.80302584,0.895821,0.8525712,0.8045503,0.7729209,0.7400415,0.85530716,0.80428267
1.2122817,1.2216318,1.1149738,1.1176195,1.2825856,1.293804,1.2661257,1.3215868,1.1990913,1.1826798,1.200619,1.1475346,1.3389487,1.310294,1.0374321,0.971818,1.2395204,1.2665536,1.1126711,1.140307,1.046983,1.0240412,1.0342442,1.0118228,1.3009688,1.2691888,1.5449116,1.5916871,1.3937883,1.3238188,1.433788,1.3556644,1.0639014,1.0380737,1.099255,1.1006423,1.1855489,1.0850997,0.8655598,0.8157502,1.56913,1.4985424,1.066694,1.0804309,0.8383482,0.9162536,0.8726336,0.8239796,0.7801935,0.76334,0.8694636,0.81234807
1.5413588,1.5704099,1.4517642,1.4602749,1.6007785,1.6134281,1.4185959,1.4454023,1.359556,1.3942446,1.4058219,1.4619278,1.6176841,1.6226281,1.3254972,1.2423881,1.50556,1.5811445,1.4844316,1.5193768,1.298789,1.3062415,1.254518,1.2626482,1.4890615,1.6072137,1.9033216,2.153164,1.7051512,1.7739583,1.667824,1.7642468,1.3303163,1.32423,1.2849444,1.2729788,1.2600079,1.2668618,1.2874781,1.281643,1.765747,1.7757196,1.2059337,1.1739314,0.94175416,0.9644135,1.0348959,1.0190595,0.91835296,0.9445467,0.9821545,0.99576265
1.4895116,1.5051819,1.4385645,1.4268104,1.5565066,1.544925,1.3712434,1.3973233,1.3052721,1.3391702,1.3612092,1.3997837,1.5770199,1.5803874,1.287861,1.2070388,1.4733064,1.5285796,1.4738946,1.4916506,1.2742491,1.2560619,1.216975,1.2058852,1.3409204,1.4015429,1.6532503,1.8408794,1.5276337,1.5713866,1.4697509,1.569333,1.3024046,1.2804902,1.231951,1.2237554,1.2478946,1.2376217,1.2905083,1.2421902,1.7515938,1.7372261,1.2003298,1.1754713,0.9291812,0.957588,1.0376492,1.0223857,0.92038774,0.91684604,0.9794094,0.9626386
1.2675365,1.2893538,1.2026744,1.2384188,1.263478,1.282539,1.3467299,1.2906488,1.2187488,1.1571621,1.2184951,1.2266517,1.4955472,1.4589534,1.2807406,1.29784,1.4859267,1.4721593,1.3672004,1.4020761,1.1822141,1.1380545,1.1709309,1.1573192,1.0931438,1.1013745,1.3102726,1.3971394,1.3090746,1.2824956,1.2930951,1.3138124,1.2942708,1.2642705,1.0771643,1.0705575,1.0710413,1.0817994,0.99312943,0.97718704,1.4570328,1.4439554,1.138092,1.172989,0.8636057,0.9175865,0.9820484,0.9326307,0.9630077,0.96013874,0.8929994,0.9165774
1.270312,1.304936,1.2238767,1.2368929,1.2834349,1.2906924,1.4353893,1.3791987,1.2598144,1.2412012,1.258178,1.2717143,1.5120527,1.4736446,1.3029035,1.319477,1.5086724,1.4662652,1.3404721,1.4039397,1.140541,1.124266,1.1755159,1.1779191,1.12614,1.1990294,1.4177239,1.521313,1.3699442,1.3801628,1.3689617,1.3746965,1.2610952,1.2455025,1.0552554,1.0403072,1.0961918,1.0880734,1.004181,1.0225178,1.474906,1.4888166,1.1666884,1.2194618,0.8707773,0.9205624,1.0251868,0.9853408,1.0136108,1.006515,0.92421025,0.9248999
1.3488021,1.3473147,1.3544092,1.3219087,1.458285,1.4365671,1.3248941,1.3070934,1.3206772,1.3264152,1.425314,1.4017648,1.6688298,1.6134194,1.0735406,1.0905184,1.3582156,1.365039,1.3273315,1.3761322,1.2932663,1.3005582,1.1914294,1.2082052,1.5065212,1.5473101,1.8469121,2.0074744,1.6215793,1.6244497,1.7066524,1.6029009,1.2249519,1.2353078,1.1277496,1.1381136,1.1698567,1.1786332,0.9978264,1.0664202,1.7186489,1.7291893,1.2510794,1.258979,0.92194676,0.9244219,1.0090038,0.9939848,0.9765916,0.9813071,0.95724356,0.9726044
1.4271717,1.4259359,1.4114821,1.389298,1.5049988,1.4980214,1.398265,1.3820707,1.3635045,1.3662616,1.4627768,1.4373589,1.7205521,1.678061,1.1385946,1.1397327,1.4232627,1.4421262,1.391571,1.4665775,1.2834438,1.307443,1.2093154,1.2294786,1.5764151,1.6099011,1.9204829,2.0533113,1.6773787,1.679531,1.7617303,1.6712877,1.2579988,1.2697915,1.1417603,1.1483681,1.2332203,1.2562883,1.0465933,1.0981601,1.8384651,1.8671552,1.3178248,1.3346965,0.9322769,0.9223425,1.0114712,1.0146774,0.9854814,0.9957595,0.9766402,0.9982946
1.5539362,1.5209014,1.5358677,1.484488,1.6416725,1.5694602,1.4833865,1.4661216,1.4257566,1.3842448,1.6249346,1.5779995,1.8634652,1.8149644,1.3082845,1.3031198,1.6084058,1.667917,1.6229653,1.6191084,1.4700775,1.4255527,1.389329,1.3571081,1.617832,1.6284685,1.9619569,2.0569632,1.7510903,1.716215,1.7200344,1.776184,1.42417,1.3675157,1.3921571,1.4020203,1.2396992,1.2254195,1.1810901,1.1964993,1.6485702,1.6249659,1.1915885,1.2035836,0.94972926,0.9469368,1.087819,1.0758703,1.0292213,1.0329257,1.0148739,1.008117
1.5667149,1.5251606,1.5456208,1.5039353,1.6260343,1.5630206,1.4833617,1.4732599,1.4361705,1.4111143,1.6049912,1.6041203,1.8672179,1.8434596,1.3419245,1.3427284,1.6114061,1.683223,1.5859982,1.6198568,1.4025513,1.3735299,1.3649017,1.335293,1.5954628,1.6274743,1.9552084,2.0901546,1.7467057,1.7470526,1.7087768,1.7923726,1.4101325,1.3676213,1.3694619,1.3920258,1.2884014,1.2636391,1.1956284,1.2118202,1.7107525,1.6843084,1.2516916,1.2419667,0.9625123,0.94758,1.0992169,1.0835558,1.0687722,1.0390283,1.0356727,1.0306855
1.2613957,1.2459424,1.2398568,1.2344531,1.3216331,1.3196679,1.2480161,1.2562592,1.195376,1.1843252,1.2408894,1.1959052,1.5426295,1.5116957,1.2229025,1.2002547,1.3695003,1.4032482,1.3597318,1.4008876,1.1530432,1.1352949,1.1766932,1.1428398,1.2116579,1.1911623,1.5716661,1.6660246,1.4675245,1.4874644,1.4927803,1.4267029,1.2054249,1.1842811,1.1935697,1.2102541,1.2159244,1.1860764,1.2389127,1.1809148,1.4900181,1.4297451,1.177038,1.1548215,0.8953912,0.9248923,0.9755781,0.9600451,0.93095076,0.9318734,0.96746147,0.9979508
1.2217137,1.1967131,1.1940776,1.2057378,1.2879497,1.2735232,1.2388016,1.2506858,1.1548864,1.1464635,1.1945472,1.16038,1.507894,1.4548264,1.1779408,1.1593555,1.3200401,1.344183,1.3005306,1.3118236,1.1260861,1.1063744,1.1425045,1.1041157,1.1248727,1.1125866,1.4097819,1.4546993,1.3909577,1.3496145,1.3928168,1.332173,1.2044625,1.1950855,1.1419181,1.1570605,1.1689391,1.153728,1.1685307,1.1307145,1.4831839,1.3974097,1.180815,1.1193148,0.87152696,0.9308923,0.9885346,0.93078357,0.981201,0.93288636,0.98076254,0.985142
1.3053219,1.3107502,1.2289764,1.2309234,1.3216872,1.3011885,1.2418044,1.2269623,1.2265873,1.2400074,1.2704968,1.230014,1.474948,1.439613,1.1556857,1.1773531,1.3270936,1.3433173,1.3280483,1.3532379,1.1019198,1.0742779,1.0416504,1.0456064,1.2179012,1.1869977,1.8018076,1.8316584,1.4016038,1.441677,1.3805895,1.3276031,1.1503375,1.1204741,1.1382104,1.1507655,1.1285667,1.127144,0.9758855,1.0135285,1.520395,1.4644514,1.1180497,1.1521374,0.8587359,0.92017114,0.91725796,0.9270343,0.8502217,0.9049952,0.9465108,0.9386507
1.2655157,1.2804911,1.2212056,1.2244681,1.2890774,1.275184,1.2792903,1.2986488,1.2073487,1.2364782,1.2292929,1.1697099,1.4589082,1.4161887,1.1378992,1.1520113,1.3285968,1.3799262,1.2500157,1.2836684,1.0733101,1.0583364,1.0644809,1.0690614,1.1687,1.165977,1.7648522,1.8043299,1.4237071,1.4293853,1.341092,1.2958058,1.1872892,1.1459165,1.1397439,1.1477054,1.1013675,1.084122,0.9682105,1.02341,1.5446404,1.4953511,1.1730419,1.1942577,0.88158566,0.92176294,0.954666,0.92327935,0.917755,0.9343607,0.96177334,0.95186347
1.3808064,1.4171269,1.3514286,1.3784397,1.3900061,1.4480264,1.4206803,1.4096134,1.2817591,1.3087231,1.299462,1.3433787,1.6064188,1.6041707,1.3572264,1.3322432,1.517774,1.5306987,1.484375,1.51245,1.1612984,1.2215933,1.1829892,1.2274939,1.2408057,1.3012646,1.7741488,1.7678388,1.5030111,1.5438279,1.4866788,1.4602046,1.2681872,1.2942111,1.1562943,1.1387806,1.1767191,1.2393522,1.0523908,1.0648745,1.5478262,1.524974,1.1440598,1.1803375,0.95160854,0.941683,1.001847,1.0141326,0.97836477,1.0010799,0.98895824,1.0171608
1.3149496,1.3436695,1.2754825,1.3056654,1.3243583,1.3564272,1.3536651,1.2931576,1.2342796,1.2302547,1.2248173,1.2501768,1.5229975,1.4976116,1.260603,1.237531,1.3439323,1.3657862,1.39647,1.4018011,1.0943491,1.1271408,1.1590588,1.1738507,1.165527,1.2055577,1.7457905,1.7796642,1.5276009,1.4937615,1.4087552,1.399954,1.1876168,1.2292938,1.1241561,1.1174052,1.1206509,1.1704407,0.96626896,0.9833005,1.4512342,1.4487116,1.0829624,1.1487094,0.92819667,0.9407869,0.96867377,0.97426534,0.9543634,0.9312764,0.94813573,0.97893196
1.2955487,1.3415912,1.3139534,1.3445994,1.3662757,1.3600473,1.2697855,1.2211009,1.1854721,1.1775106,1.2217479,1.2120194,1.4988877,1.4990609,1.1679409,1.1472515,1.3848191,1.3309234,1.4841835,1.5036652,1.142535,1.1375227,1.1836908,1.2044497,1.1173437,1.1463841,1.6768646,1.7769516,1.516509,1.5010265,1.4381615,1.4859195,1.3055149,1.2513347,1.0961379,1.0609099,1.2072232,1.2524455,1.1303548,1.1157097,1.6997638,1.7184521,1.2616788,1.2824922,0.8905795,0.9227763,1.0097345,1.0147728,0.96847934,0.9863736,0.9204368,0.96954864
1.2111136,1.2322152,1.2083191,1.238792,1.3010073,1.2879624,1.2176107,1.1504372,1.1415144,1.1318754,1.179297,1.1433722,1.4211513,1.3961933,1.0492814,1.0219834,1.2715722,1.2091067,1.3970926,1.4024621,1.1095046,1.0793875,1.1469733,1.1539363,1.0779374,1.0946355,1.5001438,1.5569406,1.3849802,1.3799881,1.4088221,1.4144409,1.1897122,1.1465361,1.0838901,1.0729258,1.1766163,1.196096,1.0475894,1.0378094,1.5454564,1.54582,1.1740208,1.2090281,0.8649483,0.9220513,0.9873305,0.9695666,0.9149995,0.9178725,0.91417694,0.93552536
1.422739,1.4348689,1.3110018,1.3339597,1.4393657,1.4923954,1.2805642,1.3822176,1.2192616,1.3143617,1.2473942,1.2910523,1.4634404,1.4473748,1.2924678,1.2837462,1.4694848,1.5643038,1.3018472,1.3525553,1.1344993,1.1682564,1.0596843,1.0963911,1.2093619,1.2329066,1.6437883,1.6655892,1.4030107,1.370283,1.3913507,1.4369754,1.2473493,1.2731187,1.1652803,1.1634501,1.2221953,1.260399,1.1014163,1.1589917,1.5002984,1.6031159,1.1252482,1.1878008,0.91263646,0.9350031,0.8968796,0.9590692,0.9044546,0.93613935,0.97214156,1.0734382
1.256932,1.2836503,1.2583702,1.2872407,1.3281925,1.3660599,1.2169466,1.1979812,1.1337057,1.2009608,1.1563842,1.2157493,1.4445981,1.4003808,1.1718355,1.2141491,1.3587922,1.369312,1.2859553,1.2806671,1.0854386,1.14165,1.0781739,1.104791,1.130033,1.1844653,1.4886692,1.61102,1.3118385,1.3314244,1.3882747,1.4637986,1.2329924,1.2583896,1.1246973,1.1130654,1.253139,1.264446,1.0086255,1.0500729,1.5328526,1.461751,1.1821893,1.1605314,0.9481216,0.9523764,1.0107063,1.0294409,0.9750011,0.9669292,1.0615177,1.0457225
1.7011319,1.7219559,1.5252776,1.5785674,1.7045312,1.7762426,1.7627834,1.7257364,1.5324758,1.5585866,1.5029641,1.592455,1.8985541,1.9275513,1.6203191,1.6382135,1.9640113,1.9346951,1.8061334,1.896116,1.3204081,1.4432871,1.3073246,1.3384817,1.5483253,1.6263194,2.0621877,2.222685,1.7814225,1.71806,1.7621979,1.821682,1.5127146,1.5334635,1.123427,1.1316565,1.4687217,1.420958,1.5614725,1.5950059,1.7939278,1.8102505,1.2881867,1.3459501,1.0085025,0.96778655,1.1271318,1.1802465,1.0675409,1.055149,1.119025,1.1497836
1.4354202,1.4464681,1.3750579,1.4072216,1.4764962,1.5034723,1.4120377,1.4183675,1.2965201,1.3298757,1.2682352,1.3119916,1.6150095,1.6147913,1.4607651,1.4309915,1.6582912,1.653583,1.650835,1.6494727,1.2139808,1.2664729,1.202859,1.2327104,1.302205,1.3082949,1.6829816,1.7664074,1.4803201,1.4343677,1.5202426,1.5052886,1.3527483,1.3824956,1.0949997,1.1018283,1.3029845,1.3198595,1.3444353,1.3909093,1.5698173,1.6496198,1.2166744,1.2488211,0.95958847,0.96607023,1.0707617,1.1226304,0.99799657,1.008746,1.0477273,1.072847
1.382879,1.4431963,1.307459,1.3644922,1.4720166,1.5048966,1.3106936,1.3675889,1.4048972,1.3772626,1.4231083,1.3884895,1.6643653,1.6860887,1.2950342,1.2983146,1.450912,1.478354,1.5058289,1.5896524,1.2233528,1.2415817,1.2487181,1.2140414,1.4245784,1.4017045,2.089883,2.192129,1.7827308,1.7908398,1.8479326,1.6788038,1.2978717,1.3680623,1.303112,1.286651,1.1965748,1.2078491,1.1521226,1.1629426,1.5116934,1.542284,1.1611364,1.2137445,0.9706556,0.9496186,1.0166742,1.0082035,1.0195127,1.0216352,1.0163375,1.0225726
1.3998177,1.4346864,1.3534838,1.3975658,1.4512775,1.5439075,1.3234279,1.3485544,1.4051418,1.4311963,1.4435179,1.4424961,1.7458453,1.73098,1.3145483,1.3338972,1.4970981,1.4985698,1.6223508,1.6620251,1.2729409,1.2967619,1.3082073,1.2565627,1.5026762,1.5066768,2.155835,2.2486544,1.8391948,1.8509454,1.9262239,1.7349044,1.3556995,1.4516501,1.3895944,1.3899217,1.2525759,1.2591153,1.1650611,1.1896724,1.6266251,1.6805623,1.2876978,1.3607253,1.0095099,0.9370771,1.0838232,1.1157101,1.0740747,1.0852029,1.0795854,1.092947
1.2660632,1.2562857,1.3049059,1.2744426,1.3305618,1.3526647,1.2078913,1.2278394,1.1953762,1.1983796,1.1927943,1.1930225,1.4000016,1.3580757,1.1917664,1.1080319,1.292543,1.3186078,1.3059006,1.2723973,1.1633055,1.1918007,1.1664641,1.1464118,1.2799027,1.2919226,1.5947797,1.6797274,1.5376436,1.5051289,1.4401402,1.4164321,1.2204406,1.2652129,1.258453,1.2611507,1.2860429,1.2641438,1.1636126,1.1554086,1.6492141,1.616073,1.2848002,1.2845986,0.972744,0.93911487,1.0437131,0.97421527,1.050659,0.9933715,1.0375351,1.0302266
1.1416193,1.1433892,1.2026743,1.1783715,1.2173653,1.2619838,1.1940665,1.1927187,1.1324489,1.1571546,1.1115794,1.1036656,1.2995601,1.2395761,1.0970237,1.0276928,1.1977649,1.2205946,1.1811816,1.1216831,1.082232,1.1115235,1.1327454,1.1064309,1.2184094,1.2476645,1.4861562,1.5999184,1.4382929,1.4151201,1.3515416,1.3435067,1.1368637,1.1679335,1.2335322,1.2471429,1.2645689,1.2464756,1.0352159,1.0522833,1.5368749,1.5267786,1.2217008,1.2471371,0.9477246,0.9292857,1.0029392,0.9251873,0.98215127,0.960285,0.96964675,1.0108967
1.2411729,1.2464545,1.251501,1.2646402,1.2845286,1.3255557,1.1465932,1.2140342,1.1042401,1.1696827,1.1781176,1.1614634,1.4298127,1.4530907,1.0924672,1.0718864,1.2957062,1.3375275,1.5541136,1.5544035,1.1376987,1.1516209,1.1395559,1.1480258,1.1641545,1.1587493,1.5822113,1.7440735,1.5023198,1.4899087,1.3517249,1.4569417,1.1204438,1.1591814,1.1676373,1.1623262,1.2126417,1.1968238,1.1861247,1.1857829,1.5164379,1.5247759,1.1523029,1.1846563,0.95872813,0.94122446,1.0085752,1.019226,0.99439925,0.9997841,1.0016456,1.0007149
1.224296,1.231813,1.2527362,1.2609941,1.2808359,1.2980038,1.1449691,1.1839858,1.1368918,1.146649,1.2005951,1.1789163,1.3865813,1.4085054,1.0853562,1.0842941,1.2727615,1.3093828,1.4574742,1.5096871,1.1180778,1.1412288,1.1286626,1.1389639,1.1565121,1.1893324,1.5066202,1.6668365,1.4332979,1.4269817,1.3156475,1.4330283,1.1276569,1.1401719,1.1786423,1.1610911,1.1523824,1.1644125,1.162808,1.1525407,1.482189,1.492798,1.1257439,1.1613196,0.94072217,0.928031,0.98368984,1.0152786,0.96457326,1.0049369,0.9847608,0.9980264
1.3719231,1.3631818,1.3056167,1.3012954,1.46714,1.4335219,1.4403462,1.3998094,1.3200917,1.3011844,1.4010154,1.3641115,1.6491278,1.604578,1.2535187,1.2327226,1.4939526,1.4973192,1.4450284,1.4841318,1.2707454,1.2115325,1.2742463,1.2488229,1.3368603,1.3300623,1.5988101,1.6635109,1.6009002,1.5199739,1.4851722,1.4772553,1.2953821,1.2902873,1.141949,1.1274539,1.1750497,1.1648923,1.1862273,1.1239454,1.5632453,1.5098038,1.165322,1.1356817,0.9240364,0.9390286,1.0473018,1.0617086,1.0365438,0.9916247,0.9876093,0.96669066
1.3022583,1.2641654,1.2467535,1.1983762,1.4027581,1.3568498,1.3626766,1.3394463,1.2663689,1.2483293,1.325736,1.2680732,1.5379887,1.5018685,1.1812851,1.130126,1.3754315,1.3718171,1.3687745,1.3816367,1.2370398,1.1083677,1.2361292,1.151922,1.3194015,1.3102895,1.6222265,1.6700026,1.5851432,1.4939696,1.4368176,1.4097133,1.253528,1.1920272,1.1528975,1.1482773,1.1348082,1.1301419,1.1145637,1.0481757,1.5068089,1.4804314,1.1145705,1.137295,0.914188,0.9311826,1.0411451,0.9305466,1.0270649,0.84297115,0.96998346,0.93524116
1.2889172,1.3007603,1.2438936,1.2673768,1.3751587,1.3981456,1.356024,1.3607588,1.2484158,1.2551593,1.3002725,1.3393799,1.5636183,1.5436372,1.1112212,1.0801176,1.3682405,1.3705772,1.3413787,1.343959,1.1461759,1.1472756,1.1265887,1.1355163,1.3625067,1.3519303,1.4541969,1.5145284,1.3905305,1.35672,1.3557272,1.4554591,1.1119002,1.1433057,1.1155124,1.1241857,1.1023102,1.1146302,1.0418271,1.0223641,1.4268079,1.443391,1.1088953,1.1291482,0.83032703,0.92089903,0.8931623,0.8906312,0.8613991,0.84868085,0.900668,0.8790015
1.2767445,1.2543677,1.230178,1.2286854,1.3582765,1.3223732,1.2875845,1.294149,1.1853437,1.1520925,1.2705454,1.2794898,1.5671479,1.5393921,1.0572857,1.0164716,1.3242048,1.3271669,1.3709347,1.3419358,1.1336799,1.1067262,1.1004263,1.0892016,1.2384822,1.2361579,1.4862101,1.496889,1.3271997,1.2996206,1.3257774,1.3982587,1.0717475,1.0675443,1.2530159,1.2644482,1.1286165,1.1616817,0.9801061,0.9685383,1.4032886,1.4155248,1.1485052,1.1500237,0.8849818,0.9330628,0.9024011,0.8947265,0.86308736,0.84296936,0.93815225,0.90459347
1.3893863,1.3874717,1.3440726,1.3629286,1.4580982,1.514227,1.4149554,1.4403067,1.294136,1.3989329,1.4075056,1.4529487,1.6476789,1.6333722,1.2274474,1.1715548,1.4604365,1.4506905,1.4179521,1.4009997,1.2357956,1.2718655,1.2347327,1.246926,1.4805495,1.4940008,1.7260729,1.7885704,1.6407069,1.5838118,1.6639277,1.6946584,1.2004234,1.2744403,1.2163837,1.2205677,1.2469461,1.2829487,1.0770491,1.1387049,1.4505839,1.4861494,1.154434,1.1866946,0.9236523,0.93314034,0.9680592,0.96684766,0.942347,0.9557409,1.0119826,1.02687
1.3678234,1.3836954,1.3127261,1.3581972,1.4124156,1.5036244,1.3620472,1.3821758,1.2409819,1.3435066,1.2932731,1.3823794,1.5716941,1.5719988,1.23158,1.1813567,1.4259368,1.4291165,1.3433557,1.365893,1.1626564,1.2826357,1.1320496,1.2226075,1.2794819,1.3780891,1.476747,1.601433,1.436567,1.4528067,1.5219307,1.5620949,1.1687498,1.2566826,1.1977793,1.2110201,1.2022998,1.2517406,1.0631312,1.1384624,1.4162637,1.4825214,1.1438578,1.1830541,0.9291553,0.93035346,0.93306667,0.96790165,0.93391526,0.95486885,0.980834,1.0103039
1.329103,1.3072095,1.3668735,1.3740033,1.473641,1.4358941,1.285503,1.2697091,1.2921096,1.2804793,1.4121158,1.4087783,1.5727923,1.5495068,1.1708387,1.0849103,1.352046,1.3241143,1.42403,1.442913,1.2779971,1.2569448,1.2425638,1.245726,1.5098586,1.4611917,1.6886903,1.6839979,1.5871881,1.5810996,1.5835941,1.6064878,1.2573375,1.2360084,1.1551,1.1329963,1.1845173,1.208489,0.89273316,0.9644293,1.5562371,1.557567,1.1944209,1.1952987,0.9111973,0.93296677,0.99764955,1.0084803,0.97426534,0.99391174,0.98928726,0.9789747
1.2510473,1.2457474,1.3462505,1.3419793,1.4131064,1.3609055,1.1826452,1.1820713,1.2162915,1.1911026,1.3060305,1.310519,1.493057,1.4862174,1.1215827,1.0257479,1.2608635,1.234205,1.3754883,1.3528426,1.2394598,1.2255354,1.1962495,1.2211328,1.383119,1.3531287,1.5588692,1.564805,1.4911965,1.4805235,1.4847993,1.5020207,1.204266,1.1906168,1.1666918,1.1357352,1.1267134,1.1444455,0.8391434,0.8979707,1.5489447,1.5316035,1.1674757,1.1504235,0.9180943,0.9290223,0.9673171,0.98235863,0.9496264,0.98178226,0.94766015,0.94736236
1.1630697,1.1637044,1.1749,1.1877558,1.2117311,1.2265732,1.114143,1.1457282,1.0728953,1.1449265,1.1812749,1.1759027,1.3598328,1.391787,1.1863,1.1562598,1.311649,1.3206892,1.3256453,1.3483379,1.0649413,1.060133,1.0601662,1.0812732,1.0937465,1.0775324,1.5397576,1.5440137,1.3457599,1.3613515,1.2035847,1.353829,1.1358075,1.1683813,1.0822227,1.1061158,1.1572281,1.1317428,1.1312892,1.1155139,1.3230698,1.3644888,1.0701774,1.0860497,0.88065964,0.9279522,0.98095226,0.9776342,0.9171219,0.94754714,0.9312928,0.9246294
1.2282783,1.2337214,1.257756,1.2402406,1.3086747,1.314978,1.1792228,1.1559224,1.1443707,1.1875858,1.2474835,1.2463908,1.4235297,1.4384433,1.1852614,1.1543864,1.3271495,1.3224325,1.3544154,1.3519354,1.1053681,1.0988327,1.0827273,1.1033504,1.1152632,1.1062129,1.5969919,1.5742108,1.4287643,1.4014502,1.2605981,1.393078,1.1755918,1.1797844,1.08943,1.1053532,1.174469,1.1860421,1.1794823,1.142927,1.4419574,1.4314755,1.1384668,1.1447161,0.84835964,0.92750245,0.9950776,1.0075395,0.988322,0.9720018,0.9475398,0.943606
1.2667767,1.2826985,1.2533629,1.2896085,1.3026451,1.3107337,1.229362,1.3022861,1.1891154,1.1876185,1.233719,1.2647295,1.3525411,1.4414886,1.142555,1.1864725,1.2850217,1.3769019,1.2906573,1.3588108,1.1481419,1.154675,1.1292365,1.1355258,1.1410255,1.1500057,1.4177123,1.4889354,1.3531396,1.3668717,1.2399614,1.2617311,1.1138734,1.1323802,1.1592929,1.1881915,1.1796832,1.175623,1.0954866,1.1515068,1.5129683,1.5049438,1.1672038,1.162782,0.93838656,0.9417012,1.0159063,1.0035626,1.0345826,1.0199028,0.98562646,0.9626496
1.2731279,1.2873422,1.2689897,1.2991744,1.3089665,1.3212929,1.2132564,1.2734935,1.1887085,1.2113605,1.2287571,1.2462931,1.3319852,1.4055035,1.1550262,1.1871645,1.2608157,1.3266907,1.279047,1.3402009,1.1669297,1.1851635,1.1794639,1.1687547,1.1863707,1.2073256,1.4427272,1.5388123,1.3927941,1.4268104,1.2587625,1.286972,1.1310587,1.1704305,1.1465647,1.1868429,1.1382681,1.1439774,1.108165,1.1195095,1.5470294,1.5323786,1.2060672,1.2133293,0.9491443,0.9506315,1.0570213,1.0386351,1.1094049,1.0615178,0.99364525,1.0048112
1.2961856,1.3293304,1.3338419,1.3446056,1.3501545,1.3926182,1.2736707,1.2891523,1.2386271,1.2852454,1.2962761,1.3466002,1.4475393,1.4827486,1.2862018,1.3150156,1.3949139,1.458673,1.2607875,1.317192,1.2177162,1.2538161,1.224507,1.2205445,1.217019,1.2155702,1.6101477,1.5895748,1.423621,1.4406011,1.4226822,1.3372388,1.2761446,1.3180826,1.1171619,1.1158562,1.2279202,1.2400938,1.2192228,1.1924713,1.5108733,1.5151318,1.1553001,1.1510234,0.9383974,0.96465194,1.0888537,1.0848386,1.058266,1.0471001,1.0291002,1.0162045
1.3881731,1.4008219,1.3905766,1.3841469,1.4769291,1.5123779,1.3036896,1.2822511,1.2868587,1.3269521,1.3612212,1.3795257,1.5304435,1.598543,1.3206782,1.3341578,1.4377006,1.5286251,1.3153769,1.3755206,1.2941065,1.2920625,1.2285969,1.2351208,1.2027082,1.2319446,1.7066753,1.7454422,1.4733592,1.5303458,1.4642645,1.4470121,1.3131143,1.3831681,1.159296,1.1706598,1.333863,1.3642915,1.2466985,1.2381626,1.6199914,1.6406423,1.2034506,1.2200527,0.9276892,0.9524166,1.068351,1.0748178,1.0672184,1.052417,1.0064957,1.0403982
1.4388447,1.4260858,1.3256111,1.2888178,1.4920673,1.4754909,1.4369537,1.4112487,1.3356297,1.3570685,1.4613096,1.4346147,1.6274406,1.6175286,1.2898086,1.2662486,1.5328689,1.5204378,1.4533303,1.5103711,1.2743027,1.2743492,1.2329834,1.240849,1.3952767,1.4112842,1.510456,1.6292534,1.4902552,1.4695703,1.4705518,1.5417541,1.2269226,1.2417066,1.2642865,1.2850281,1.1531045,1.1898614,0.9806961,1.1082698,1.4614178,1.4878707,1.1096151,1.158948,0.9589337,0.9591715,1.0550479,1.0619221,0.9852399,0.9829902,0.93093467,0.949069
1.362038,1.3732506,1.3138736,1.3081741,1.41008,1.4231089,1.3861935,1.3376478,1.2864279,1.3254397,1.393681,1.3905168,1.5280153,1.5194983,1.2685047,1.2507768,1.4513074,1.4662716,1.3725835,1.4458923,1.2467798,1.2863529,1.2240674,1.2336911,1.3874227,1.4069018,1.5007046,1.5964626,1.4766533,1.4553952,1.4562813,1.5164567,1.2043566,1.2571739,1.2560394,1.2598605,1.1177489,1.1611001,0.9631091,1.1176207,1.43173,1.491923,1.0922191,1.1649234,0.9612183,0.95791864,1.058713,1.0868119,1.0262293,1.018397,0.9428849,0.9744262
1.3661397,1.3721905,1.204926,1.2186915,1.3883601,1.4104695,1.3089057,1.2922071,1.2406278,1.2596643,1.359768,1.3500102,1.5697258,1.584431,1.1025147,1.1025832,1.4346191,1.4576106,1.3980403,1.456139,1.1972176,1.2079186,1.1897718,1.1615498,1.4489832,1.4425191,1.6395499,1.6730441,1.557722,1.5219406,1.4647565,1.520773,1.1306237,1.1658111,1.2278587,1.2017833,1.1990409,1.2212337,1.0477829,1.0877684,1.4293449,1.4351208,1.0693601,1.0966692,0.91213727,0.9344634,0.92466325,0.92968774,0.87285465,0.89755034,0.93539506,0.95573246
1.2909352,1.3059301,1.1537668,1.1612532,1.3072802,1.3467395,1.3010654,1.2782568,1.1919479,1.2087549,1.2906318,1.3020368,1.4575946,1.4853283,1.078309,1.0865506,1.3600346,1.3975927,1.2895219,1.3532437,1.1326257,1.1564754,1.1541843,1.1382431,1.3410699,1.3646868,1.5016843,1.5293189,1.4628257,1.4310193,1.3596103,1.4296231,1.0979798,1.1378684,1.1760776,1.1564783,1.1220887,1.1388246,1.0192035,1.0618422,1.366143,1.3810091,1.0520875,1.0608411,0.8966404,0.9343081,0.9158805,0.91912776,0.8620841,0.8963162,0.90023816,0.9197921
1.2743915,1.2538087,1.2107223,1.230614,1.2797492,1.2888585,1.2679793,1.261808,1.1268185,1.1689329,1.2041363,1.2461829,1.4350082,1.390655,1.0689282,1.0329316,1.3113047,1.2974191,1.288392,1.3033384,1.0697274,1.1181691,1.0759636,1.0458229,1.3028845,1.298418,1.5392725,1.4737848,1.3677126,1.3160994,1.3665196,1.3092604,1.0783815,1.1049303,1.1782101,1.2223074,1.1332793,1.1371619,1.0010347,1.0247139,1.6683173,1.6402398,1.1582413,1.1594888,0.8988604,0.91606987,0.84254295,0.88582623,0.8157845,0.85728014,0.86760426,0.8720538
1.2389611,1.2275318,1.242203,1.2519871,1.2807865,1.2806104,1.3131877,1.3169968,1.112016,1.1639388,1.2309585,1.2781739,1.5269294,1.4853779,1.0794619,1.0283927,1.3658773,1.3720175,1.3338189,1.3430424,1.088051,1.1072147,1.1130927,1.0523093,1.3363725,1.3383446,1.5578511,1.5384701,1.4338223,1.3756783,1.4307096,1.3648561,1.1209602,1.1427273,1.2282712,1.2452414,1.1553224,1.1598223,0.92937005,0.9586813,1.6694338,1.6610558,1.2908376,1.2563025,0.93702084,0.9209354,0.85106575,0.88139963,0.85064125,0.867308,0.9501743,0.9227003
1.2612685,1.297494,1.2073803,1.2385124,1.3542315,1.3868856,1.1728865,1.1916583,1.1920143,1.2122452,1.249112,1.2519765,1.3618646,1.4296603,1.0362123,1.0485861,1.2607781,1.2870734,1.2748858,1.308867,1.1350173,1.1596661,1.0802623,1.0968271,1.3837405,1.3949893,1.5671982,1.7154126,1.436728,1.4615673,1.3748817,1.4318947,1.1368842,1.1587456,1.1952918,1.1517928,1.1441228,1.1719317,1.1689484,1.1754838,1.4648393,1.4795389,1.1246712,1.1417176,0.9202292,0.92529523,0.9037085,0.9134131,0.8739351,0.9004974,0.93088067,0.9486618
1.1997454,1.2217532,1.2113442,1.2374171,1.3185456,1.3238697,1.1350837,1.1233615,1.1357803,1.1447058,1.1960698,1.1851715,1.3579816,1.433683,1.0313835,1.0358876,1.2517163,1.2850298,1.2816716,1.2918142,1.1211658,1.1170313,1.0509442,1.0259727,1.3256828,1.3181299,1.4958454,1.6497043,1.3783219,1.4030827,1.308087,1.3663572,1.1425431,1.1420882,1.1594701,1.1164286,1.1127753,1.1583574,1.1317595,1.0871745,1.4726268,1.5043702,1.202785,1.2160125,0.92651045,0.922378,0.9061971,0.88720196,0.90506065,0.8872572,0.97676635,0.9787581
1.4590461,1.4618149,1.376373,1.3695852,1.5715628,1.5888208,1.4131416,1.3984703,1.377366,1.4204036,1.4413382,1.445438,1.5872535,1.6048391,1.2680488,1.2661549,1.5528344,1.5629112,1.4603153,1.4943471,1.2776288,1.2834773,1.1859751,1.1835663,1.468163,1.4546748,1.784677,1.9267524,1.5682164,1.5466021,1.6018982,1.5867869,1.323156,1.3174965,1.173452,1.1767999,1.1895657,1.1909715,1.2139479,1.1969172,1.5630549,1.5463768,1.0958745,1.1174569,0.93461597,0.95346856,0.98698854,0.99345386,0.9590753,0.9615004,0.9442532,0.9399149
1.3766612,1.3743358,1.3438128,1.3578295,1.4670535,1.4636925,1.3905945,1.3813668,1.3553632,1.3689249,1.3848507,1.3687751,1.5868255,1.5853895,1.2721069,1.2735653,1.5420115,1.548775,1.4581407,1.5030764,1.2710613,1.2621491,1.1948146,1.1642435,1.4367007,1.4628695,1.779788,1.9165256,1.6148332,1.5854777,1.6301583,1.6268181,1.301804,1.2913407,1.207318,1.2076834,1.1885096,1.2187625,1.1399163,1.1236271,1.4507776,1.440252,1.1418065,1.1362367,0.9628888,0.95694846,1.0057347,0.98845524,0.99030733,0.96595216,0.9968922,1.0127547
1.3350343,1.3159925,1.2412857,1.2155997,1.3160837,1.3264397,1.3346052,1.3606757,1.1673336,1.181274,1.2292882,1.2192438,1.4379642,1.4559238,1.1659006,1.0616143,1.422353,1.3834095,1.3387266,1.3410699,1.1440837,1.1495895,1.1271203,1.1429933,1.2788827,1.2970262,1.584803,1.6398563,1.423514,1.411019,1.3767565,1.4008179,1.1724817,1.1627301,1.1687336,1.1815732,1.0742692,1.0770007,0.9379385,0.9191843,1.3908849,1.3712258,1.0209274,1.0408683,0.87013304,0.91833204,0.93488395,0.93776554,0.920268,0.9442627,0.8708918,0.8872167
1.3444673,1.3414736,1.288591,1.2820526,1.348888,1.3488371,1.3809174,1.3990828,1.1967356,1.1848702,1.2600296,1.223286,1.5451941,1.53826,1.230115,1.1128701,1.5179651,1.4881271,1.4291831,1.4268292,1.17141,1.1602157,1.149948,1.1554936,1.2545435,1.2630243,1.6105791,1.6785475,1.4595473,1.4451329,1.4164065,1.4170177,1.2287256,1.2128204,1.1861101,1.1916175,1.0972154,1.1118125,0.91797245,0.8959273,1.4225341,1.4022367,1.1264696,1.123228,0.89546806,0.9238404,0.95702964,0.94962317,0.95175904,0.93974733,0.93819755,0.95725775
1.3095374,1.2947391,1.2661124,1.274378,1.3973424,1.3580179,1.3118024,1.2968175,1.2450022,1.1940489,1.3043505,1.2803384,1.4653144,1.4827827,1.1571484,1.0792284,1.3917958,1.3799669,1.2254267,1.3403409,1.1735884,1.1837127,1.1615015,1.1713433,1.3843191,1.3954773,1.6685721,1.8383752,1.4764084,1.5028827,1.5120785,1.5018039,1.1537987,1.147618,1.2005606,1.1889092,1.1623536,1.1649488,0.8938923,0.9004112,1.4532009,1.4588832,1.1076883,1.118852,0.9318113,0.9405013,0.93180674,0.9300205,0.95824784,0.92178094,0.9729256,0.97507316
1.3411773,1.352618,1.2901481,1.3068656,1.4084592,1.4360241,1.3442864,1.3528254,1.2063204,1.2514244,1.3163365,1.3181683,1.5406619,1.5451304,1.207586,1.1130434,1.4184353,1.4239857,1.2841636,1.3799267,1.2080672,1.253864,1.1783408,1.1975409,1.3785622,1.3362845,1.623701,1.5946058,1.4565278,1.3882377,1.5414895,1.4775829,1.1489515,1.167267,1.3149229,1.3096894,1.1499796,1.1712837,0.8926512,0.91341573,1.4752759,1.511277,1.1245005,1.1677613,0.9504148,0.9409496,0.9591308,0.9525669,0.9461266,0.95409405,1.0089012,1.0069779
1.1313189,1.1370691,1.1922519,1.1935902,1.1792657,1.2346908,1.1703782,1.1503303,1.0773116,1.1499169,1.1432997,1.1729026,1.3235316,1.300736,1.0720568,1.0423311,1.218741,1.220629,1.1566124,1.1578672,1.1070093,1.1121827,1.0459908,1.0627248,1.2966276,1.3036299,1.3999755,1.4885988,1.3190693,1.2964513,1.2711483,1.3171684,1.0608008,1.1113398,1.0494583,1.0605006,0.98063815,0.97702956,0.88937956,0.9127129,1.3013086,1.2985519,0.99468106,1.0015441,0.8554984,0.9116161,0.8777873,0.8641785,0.89028734,0.9035266,0.8853505,0.8916754
1.3058515,1.2926224,1.2788486,1.2813904,1.4036963,1.4587752,1.3938222,1.3470358,1.270914,1.3758997,1.3352202,1.377287,1.6303595,1.5462592,1.1738547,1.1180133,1.4258989,1.4326657,1.3602908,1.3351597,1.2414635,1.2646018,1.2112305,1.2311312,1.5379843,1.5686836,1.7525643,1.8393316,1.6324595,1.5964345,1.480168,1.5181363,1.1756837,1.2004691,1.1630931,1.193901,1.0515149,1.0557431,0.95156425,0.9827002,1.4585996,1.4443434,1.0892107,1.0967616,0.9359373,0.924903,0.9223098,0.93085647,0.9780594,0.94548076,0.9803872,1.0089438
1.397776,1.4053036,1.3908993,1.3949697,1.4642802,1.5070945,1.3132716,1.2658281,1.3290601,1.3404583,1.3961008,1.4268165,1.5969889,1.5700768,1.3123771,1.2502686,1.509353,1.4417688,1.3520117,1.3507886,1.2765341,1.297507,1.1686205,1.1831197,1.4795998,1.4924576,1.5934387,1.66958,1.5012652,1.465538,1.5527978,1.5274423,1.2584585,1.2879033,1.1507586,1.1220918,1.1710635,1.1799182,1.0030262,0.9963238,1.4785345,1.5012882,1.0539439,1.0637816,0.8719433,0.9194295,0.9232979,0.91009194,0.93515396,0.9365408,0.94139063,0.93358415
1.3035384,1.3259438,1.2951306,1.2987043,1.3486761,1.417199,1.2896398,1.2598038,1.2614541,1.3133543,1.2987233,1.3710682,1.5155638,1.4934868,1.24537,1.1651391,1.3987164,1.3657656,1.2957951,1.293521,1.2272003,1.2800144,1.1549193,1.195927,1.4661236,1.5200354,1.6335555,1.7683986,1.5382893,1.5496871,1.5905331,1.5743835,1.1744099,1.2355974,1.1994919,1.2132146,1.1377972,1.1567595,0.94566095,0.95841396,1.4334797,1.45397,1.0880117,1.1137959,0.8988727,0.92978644,0.9421498,0.9454398,0.92249024,1.0146947,0.9548903,0.9778743
1.0226204,1.0172706,1.0082792,1.0071421,1.0888677,1.1131766,1.033762,1.0232145,1.0112691,1.0343268,1.0172668,0.9992975,1.2196687,1.1510619,0.8845545,0.83811086,1.0693195,1.09043,1.1011147,1.1171546,0.94393075,0.96814454,0.89264804,0.91566175,1.0418842,1.0406575,1.1400588,1.2031267,1.0603848,1.0349745,1.1015006,1.099382,0.89488846,0.9278665,1.0043418,1.0040907,0.94274145,0.93898296,0.6632064,0.7032945,1.2513849,1.2496191,1.0083187,0.9872109,0.7980949,0.89513564,0.77957314,0.77728945,0.79828376,0.804895,0.8231932,0.8019592
1.0758611,1.0843599,1.0216761,1.0542884,1.1170281,1.229496,1.1236167,1.1345288,1.0781672,1.1808238,1.035735,1.097861,1.2742845,1.2054801,0.90694755,0.887143,1.0928963,1.1283,1.0901531,1.1278241,0.93920994,1.0461638,0.9277864,0.9853071,1.0416328,1.1388408,1.264473,1.2952883,1.1510737,1.142392,1.1937351,1.2079283,0.9059445,0.99931604,1.0726563,1.1066697,0.97084475,0.9996387,0.67653704,0.73288745,1.3888028,1.4048401,1.0686946,1.0943924,0.8320017,0.89970684,0.77143276,0.80222696,0.81614876,0.87075174,0.86491436,0.8432947
1.0594399,1.0845627,1.1559429,1.1668305,1.1412761,1.1381707,1.0843741,1.1087517,1.0782177,1.0413594,1.0634394,1.053121,1.266595,1.2711588,1.093387,1.092695,1.1977615,1.2192189,1.1591105,1.2543288,1.0912569,1.0717419,1.0700169,1.0611303,1.1409748,1.1070037,1.3995868,1.423826,1.2508005,1.2490875,1.2330043,1.2617481,1.1518267,1.1378247,1.0742548,1.0547359,0.97713387,0.9677396,0.7920409,0.81444454,1.312645,1.3118461,1.0112525,0.9988222,0.84081036,0.91326517,0.89566886,0.9081129,0.90406567,0.9081921,0.87590104,0.8643908
1.1886771,1.1612531,1.2206624,1.214634,1.2605331,1.2465965,1.2119248,1.1943918,1.135036,1.1257262,1.2396095,1.2054042,1.4955873,1.4577531,1.0725383,0.99106693,1.3180575,1.3366429,1.2919483,1.3321218,1.1628767,1.1326472,1.1206528,1.0848943,1.3531717,1.28988,1.5195465,1.5721375,1.4123366,1.4103619,1.4188244,1.439267,1.1035361,1.0888643,1.239197,1.2454222,1.0220491,1.0069075,0.93475014,0.98261136,1.3784271,1.3752358,1.011878,0.98444676,0.83880293,0.9175998,0.8038296,0.82110107,0.7710027,0.7716544,0.81924397,0.81218445
1.2314199,1.2675377,1.176247,1.2226168,1.3223255,1.3054832,1.2568684,1.2799734,1.2416087,1.204,1.2074332,1.189182,1.4642714,1.4511609,1.2001591,1.1440532,1.3749682,1.3720367,1.3681521,1.3707631,1.1087352,1.0614043,1.0882468,1.0634897,1.122123,1.076745,1.4667151,1.4363263,1.343454,1.3086038,1.3574057,1.3526464,1.2350395,1.1574415,1.1410707,1.1248678,1.185333,1.1958873,1.1767743,1.1971948,1.5193967,1.5520545,1.1586415,1.1962886,0.89644253,0.9284664,0.98868996,1.000061,0.9830246,0.9454324,0.9765466,0.99032694
1.3531675,1.3524169,1.3079338,1.29864,1.450296,1.430624,1.2758157,1.3005837,1.2621303,1.265278,1.3319641,1.3147705,1.5586253,1.5068861,1.227363,1.1650041,1.4774265,1.5053248,1.4883522,1.5146966,1.203723,1.2356861,1.1609128,1.1911155,1.5368414,1.5153786,1.8843403,2.0092685,1.6597649,1.6785716,1.6541328,1.7140827,1.2537724,1.2338295,1.2415042,1.2539616,1.309545,1.3049393,1.2426425,1.237192,1.4735775,1.4691495,1.0277742,1.0492555,0.9490945,0.94626755,0.96718353,0.9522842,0.8991388,0.8897506,0.9764101,0.9727433
1.2227844,1.2275739,1.1682075,1.1849542,1.2353816,1.2616285,1.168568,1.1230043,1.0857961,1.0865874,1.1146855,1.1075993,1.3389375,1.2817312,1.1715832,1.0729681,1.2483641,1.2070913,1.2274325,1.2514106,1.0496396,1.0576202,1.0370156,1.0449486,1.132794,1.0872023,1.4970407,1.5252861,1.339147,1.3038663,1.1845791,1.2108308,1.1208642,1.1375848,1.011546,1.0160612,1.1088998,1.1428808,1.0713749,1.0869107,1.4175622,1.3872637,1.0873225,1.0562775,0.80689526,0.90511274,0.92973125,0.9134082,0.87386054,0.8396712,0.9055156,0.92280424
1.3183933,1.3103887,1.3074745,1.3085046,1.3738148,1.3633864,1.2331768,1.2249103,1.2377986,1.2221165,1.2573988,1.252285,1.4554374,1.3968606,1.2151403,1.2575967,1.3608397,1.3453499,1.2667007,1.2832816,1.1790495,1.170399,1.1787981,1.1618629,1.2478534,1.2508,1.7782694,1.7492399,1.4954029,1.4580114,1.4076707,1.3524778,1.2443295,1.2387604,1.1234059,1.1256402,1.2282656,1.2298434,1.1189831,1.1497644,1.5704403,1.5595961,1.102434,1.095701,0.8720767,0.92084545,0.9932266,0.98712766,0.9309602,0.89651996,0.9481096,0.93080896
1.4807272,1.4800934,1.4089892,1.3953848,1.5777915,1.5258405,1.4744693,1.4404694,1.3857405,1.3940638,1.4302567,1.4148701,1.706594,1.6721745,1.3642256,1.347623,1.6129421,1.5668216,1.5027512,1.5891562,1.323099,1.2817026,1.2582717,1.2248228,1.4817142,1.4924684,1.870915,1.9830285,1.6757525,1.625893,1.6343734,1.7449659,1.3484151,1.2955457,1.1788297,1.1584532,1.2591434,1.2782727,1.1372666,1.1489362,1.5634793,1.5181091,1.1050402,1.0960904,0.90983963,0.93666774,1.0220408,0.9881712,0.94599867,0.9479635,0.99748456,0.98766273
1.3713702,1.3751024,1.2424785,1.2554237,1.407306,1.4823165,1.300472,1.3085449,1.2250321,1.2719206,1.3180336,1.332788,1.5120791,1.5455446,1.1460137,1.1316438,1.402873,1.4459589,1.4006294,1.4632778,1.1930279,1.2226372,1.2156547,1.2276193,1.4222856,1.448765,1.7082636,1.8840388,1.5391392,1.6084424,1.5560535,1.6049117,1.1620545,1.1730613,1.3753093,1.3594226,1.2497158,1.2696867,1.1830064,1.1968309,1.4552321,1.4465325,1.0958242,1.1441224,0.966472,0.9543932,1.0016567,1.0365846,0.9369468,0.9656881,0.9690262,0.9876162
1.3073078,1.2873783,1.2055345,1.190196,1.3452803,1.3389549,1.3246721,1.3650073,1.2512827,1.2811584,1.3044859,1.2955929,1.5136205,1.4571245,1.0611852,1.012525,1.3049729,1.3020465,1.3002354,1.2606869,1.1471628,1.1409636,1.1277285,1.0953727,1.3099797,1.2952523,1.3097908,1.3411596,1.2964383,1.2103539,1.3735895,1.33182,1.0970099,1.1159909,1.1546043,1.1499276,1.112856,1.0965071,0.9543473,0.9566544,1.4545645,1.3941977,1.1182125,1.1162337,0.9049822,0.9242052,0.98210007,0.928405,0.9435507,0.9329617,0.890571,0.8947732
1.3325909,1.3403425,1.2444279,1.2533773,1.3988748,1.4095403,1.4204158,1.4826447,1.3066559,1.3175389,1.3035432,1.348076,1.5357121,1.5623175,1.0837243,0.97998273,1.4132968,1.5576379,1.3429173,1.3593802,1.1544265,1.1746281,1.1774219,1.1736566,1.4231331,1.4218719,1.6751714,1.8055714,1.4884888,1.470797,1.4924382,1.5298706,1.0823281,1.0825605,1.1091955,1.0851861,1.1379339,1.1653104,1.1071868,1.1137384,1.5331472,1.5688378,1.0859916,1.1048032,0.94999605,0.92140836,0.97161585,0.9648002,0.94916713,0.9204038,0.9595401,0.94936866
1.3509285,1.3581712,1.3211489,1.317431,1.4090341,1.4484028,1.3237789,1.3873056,1.231072,1.3013117,1.3576412,1.3380532,1.5927418,1.5349244,1.1520727,1.1847292,1.4108541,1.4981498,1.4432228,1.3980083,1.1966231,1.1934819,1.1744062,1.1514418,1.3964237,1.3314837,1.4416363,1.4562862,1.4137336,1.3851628,1.426738,1.4372387,1.2045245,1.2344996,1.2267574,1.2096589,1.1333759,1.1681963,1.0215883,1.0526855,1.4138868,1.4204377,1.0302473,1.0421066,0.8726327,0.91685647,0.95910853,0.9774509,0.88538986,0.9108173,0.9111411,0.9231786
1.2537824,1.2567486,1.2331028,1.2604225,1.3454893,1.3367189,1.21033,1.2249177,1.2097414,1.2189642,1.3375939,1.3592505,1.4636909,1.449093,1.0352131,0.9954168,1.2818146,1.2964443,1.2856444,1.346473,1.1761675,1.1939087,1.1305307,1.1497556,1.3455218,1.3650702,1.4927567,1.626804,1.3429848,1.3644433,1.3298023,1.4103689,1.1395473,1.1205335,1.2611729,1.2527034,1.2757412,1.2920153,1.1579016,1.1613709,1.495788,1.4870268,1.1049911,1.1191391,0.9209593,0.95843333,0.9585475,0.92407966,0.9437374,0.9232765,0.91072655,0.9252333
1.245134,1.228277,1.1238682,1.1118859,1.3136982,1.2905347,1.2745464,1.2906197,1.2235807,1.2197964,1.2656661,1.2771639,1.3706286,1.378102,1.0232967,0.98342276,1.307757,1.3249056,1.235525,1.2745165,1.1053365,1.109453,1.0614535,1.0360854,1.2126939,1.2233999,1.3491528,1.4774878,1.2420144,1.2487438,1.2003428,1.283195,1.0732164,1.0567912,1.0113695,1.006791,1.1668478,1.1814227,0.98707247,1.0031872,1.5300752,1.5076866,1.0949479,1.1329713,0.8693525,0.9269894,0.8735673,0.8809191,0.87854904,0.88698816,0.8864518,0.88125587
1.2356249,1.2572424,1.2285163,1.2286066,1.278846,1.3123215,1.3039626,1.2403417,1.1631082,1.1792226,1.2058072,1.2063276,1.37555,1.3329133,1.1179056,1.1389652,1.3323914,1.2776504,1.2742882,1.294912,1.1124159,1.1175715,1.1268617,1.1244655,1.2542744,1.2358903,1.4594905,1.4661561,1.322388,1.3173239,1.384302,1.3659035,1.0902249,1.078781,1.1415212,1.1419653,1.1305788,1.1323488,1.0160857,1.0444194,1.3946903,1.3899441,1.0175854,1.0349232,0.8908094,0.94786954,0.9497144,0.960013,0.95490974,0.9739378,0.8586628,0.8836776
1.4948308,1.5558758,1.3663312,1.4057693,1.5321579,1.5807822,1.5484382,1.5740529,1.4443107,1.4622765,1.4517056,1.451584,1.7049348,1.7461799,1.3035684,1.3432052,1.5373787,1.6344091,1.4450289,1.5431964,1.2272383,1.2724496,1.1747764,1.2218683,1.427399,1.4615937,1.5186983,1.6391618,1.3867044,1.4738916,1.5138673,1.6391994,1.1644446,1.1591358,1.2071913,1.1986033,1.154194,1.1732285,1.1015055,1.1555696,1.4975847,1.6352626,1.116994,1.1809164,0.96874416,0.9535168,0.94930905,0.98456067,0.94787556,1.0100976,0.9077478,0.9134724
1.2224813,1.2233616,1.1999961,1.2121117,1.3062009,1.3127434,1.1274818,1.120885,1.188982,1.1873485,1.2212337,1.2092615,1.3453416,1.3481288,1.0965928,1.0779147,1.2443168,1.2531714,1.2929397,1.3332497,1.1064466,1.1037372,1.0216426,1.0250759,1.1882871,1.1734662,1.3914715,1.4753038,1.2120087,1.2192605,1.3065572,1.3615735,1.1284714,1.1410894,1.0082257,1.0293928,1.0944579,1.1094658,1.0846138,1.0798455,1.2818685,1.2825671,0.963601,0.9753031,0.805573,0.9085644,0.9903447,0.97454077,0.9391693,0.9479902,0.8602181,0.87379193
1.269608,1.2527264,1.2746338,1.274889,1.3392932,1.3717182,1.2313232,1.2243675,1.1928027,1.2040627,1.175136,1.1971145,1.3498566,1.3254418,1.0962018,1.0654881,1.3200272,1.3637667,1.3169488,1.2955842,1.1447656,1.1664389,1.1091273,1.1327163,1.2588866,1.2833058,1.2854265,1.3592908,1.2688941,1.3148998,1.1811762,1.203798,1.1810889,1.157962,1.105958,1.0965127,1.1674906,1.1737952,1.0592195,1.0685523,1.3783114,1.3673149,1.0442064,1.0504599,0.8711379,0.9232121,1.0021145,0.9900362,0.9290786,0.88810116,0.9196732,0.9060712
1.3357514,1.3265316,1.2232101,1.2014486,1.408543,1.3445027,1.3150115,1.3302013,1.2742167,1.2252927,1.3212688,1.2801962,1.5208845,1.5476675,1.1674111,1.1745417,1.4506065,1.433386,1.4538028,1.490043,1.1780181,1.1177264,1.1066391,1.0834447,1.3234475,1.300461,1.61082,1.6766789,1.4188458,1.4312805,1.4078696,1.5047421,1.1629531,1.1005465,1.0385438,1.0122908,1.1768501,1.1990029,1.159753,1.1456093,1.4739891,1.3948765,1.0188291,1.010609,0.8446351,0.9080448,0.9372358,0.91704875,0.8663101,0.8612003,0.90159416,0.90287423
1.1631875,1.1444619,1.1075847,1.1043111,1.2062343,1.182343,1.0642229,1.0774586,1.0197307,1.0185741,1.1249528,1.0998211,1.2564987,1.266062,1.0010989,0.9682313,1.1560118,1.1804819,1.1675992,1.1851468,1.0560595,1.0222911,0.9709748,0.9272582,1.0690027,1.0743269,1.1349319,1.1698261,1.0706196,1.0394018,1.1304374,1.1720265,0.9671134,0.9376097,1.0659581,1.0787718,1.0111943,1.0131795,1.0122877,0.9973744,1.3737903,1.3788445,0.9887679,0.9985427,0.79013103,0.9102136,0.8417375,0.8367984,0.8476424,0.85507387,0.8163332,0.8170093
1.34681,1.339214,1.2308481,1.2238749,1.3519845,1.3511894,1.3542192,1.3267452,1.280763,1.2957212,1.2924211,1.2637603,1.5222714,1.5225803,1.169018,1.1107517,1.3365431,1.3240248,1.3088301,1.3306216,1.1660362,1.161236,1.1710236,1.1361593,1.4215258,1.3551606,1.7728262,1.7114825,1.5485141,1.4753462,1.6110066,1.5437288,1.1674927,1.160057,1.0506215,1.0460929,1.1324244,1.1280744,1.1361239,1.1039379,1.4628019,1.4209318,1.0051329,1.0355847,0.8212685,0.9159045,0.98045003,0.9890636,0.9325815,0.9159047,0.81142443,0.81654507
1.4189622,1.4180669,1.418546,1.4247669,1.5637552,1.5492564,1.3956199,1.3526974,1.3602453,1.3463802,1.4825759,1.4684237,1.6788834,1.6509933,1.2425003,1.2724352,1.5054622,1.5152708,1.4687047,1.4762225,1.2721723,1.2823476,1.2142622,1.202614,1.3704664,1.3683571,1.4829876,1.4741489,1.4505209,1.4711719,1.453573,1.4813015,1.3047376,1.2699757,1.1308494,1.133348,1.2302865,1.2402463,1.2500165,1.2483402,1.6173956,1.5896626,1.1131419,1.1556273,0.89646095,0.9243912,1.0500382,1.0410849,0.939805,0.9238534,0.9492016,0.95675987
1.3952571,1.3989475,1.271515,1.2842842,1.4175906,1.4392415,1.4701502,1.4533473,1.2945893,1.3217552,1.3018318,1.3236829,1.5600154,1.535297,1.1596211,1.0501168,1.4157103,1.448545,1.3109647,1.35484,1.1656106,1.1600097,1.1444131,1.1326874,1.2546151,1.2446922,1.4118644,1.3791147,1.3834668,1.3266071,1.4400561,1.4174279,1.1236382,1.1153522,1.0712327,1.0656046,1.064178,1.0387465,0.93328863,0.88352835,1.4780788,1.3986105,1.0835683,1.0372263,0.9128037,0.92976826,0.9198313,0.9012398,0.9211548,0.90606767,0.8459841,0.8593449
1.3403686,1.3637829,1.3000124,1.3249708,1.3827707,1.4505718,1.2704695,1.2880465,1.2056062,1.2608376,1.2398726,1.2623119,1.4387015,1.4670378,1.1688821,1.1537591,1.3155838,1.3422099,1.2769423,1.3744969,1.1215124,1.1898208,1.1374416,1.1618931,1.2958567,1.2935246,1.3540227,1.4276602,1.3500805,1.3438717,1.3676357,1.3908415,1.1235043,1.171223,1.2769068,1.2728125,1.1244612,1.1576607,1.1445081,1.1681167,1.517884,1.5398563,1.0875608,1.1336641,0.9352233,0.9431149,1.0295172,1.0565203,1.0038364,0.97048926,0.8693959,0.88922906
1.4213644,1.4030169,1.3839042,1.3786191,1.5085948,1.5115157,1.3618574,1.3843304,1.3349037,1.3732312,1.49174,1.4580237,1.6417241,1.6124957,1.2080386,1.2009013,1.4823294,1.4869363,1.4241369,1.5256442,1.2994139,1.2827668,1.2730448,1.2451752,1.5054988,1.475963,1.654143,1.6600924,1.5895581,1.494588,1.6097827,1.5770844,1.247182,1.2716148,1.3055071,1.2762289,1.2253144,1.2329971,0.99897647,1.078173,1.5465244,1.5262015,1.1196846,1.127723,0.9620081,0.9412699,1.0488572,1.0031791,1.0247931,0.93967944,0.9605373,0.939353
1.3282405,1.3242556,1.315351,1.3322372,1.347852,1.3592528,1.1727489,1.2017447,1.1787546,1.2015014,1.307125,1.3230484,1.4550083,1.4851844,1.1287123,1.0777714,1.3757722,1.3487084,1.3642298,1.4009356,1.2246071,1.2120252,1.1411192,1.1086819,1.2417326,1.2421279,1.434573,1.4454644,1.3391846,1.3278787,1.3901758,1.3937712,1.1300532,1.1214759,1.1859673,1.1815318,1.1129352,1.12804,1.0977668,1.0958748,1.3120455,1.3244709,0.9295079,0.9499161,0.8585743,0.9243623,1.0491222,1.0076696,0.9507013,0.93390024,0.87237257,0.8787009
1.2243521,1.2118033,1.1813483,1.1806126,1.2912862,1.3189118,1.2228367,1.2296522,1.1793255,1.2212002,1.2208031,1.2272751,1.37042,1.3313694,1.0650192,1.0223131,1.2784979,1.2973884,1.2282867,1.2480567,1.0779074,1.060689,1.0611018,1.0676104,1.3216119,1.2802587,1.4743919,1.4431813,1.3323277,1.2774972,1.3242737,1.2568275,1.0957856,1.0459943,1.0574644,1.0369265,1.0970411,1.1278336,0.942618,0.9572978,1.472998,1.4462095,1.0397307,1.0907761,0.80142456,0.901952,0.89908314,0.86962926,0.85094905,0.8215825,0.85016096,0.843111
1.2672379,1.2815738,1.2631822,1.2831677,1.3078474,1.3148329,1.3030503,1.2651653,1.2129238,1.2036941,1.2990971,1.32049,1.5385242,1.4880892,1.0829868,1.0822567,1.3623285,1.2990171,1.3114436,1.3504195,1.1733124,1.1770251,1.1635268,1.1206155,1.4228057,1.3477615,1.5911857,1.5403056,1.3953253,1.3489147,1.5111896,1.4672226,1.1702904,1.1280013,1.0543249,1.0111357,1.0187654,1.0342289,0.9632949,0.9725639,1.3898865,1.3664094,1.013877,1.006657,0.8620541,0.91700566,0.9604576,0.9399978,0.92175174,0.9385085,0.8498562,0.84667206
1.3695573,1.4012359,1.2184614,1.2082924,1.4171202,1.4747732,1.3513802,1.3944037,1.2598633,1.2901675,1.3273846,1.324634,1.5247569,1.54253,1.1966796,1.1555847,1.4453167,1.4706362,1.4077194,1.4346471,1.1837386,1.217655,1.2182683,1.2236896,1.4578638,1.4784335,1.4935052,1.622571,1.491481,1.5080968,1.4844692,1.5170137,1.13005,1.1539104,1.23468,1.2258279,1.1863884,1.1976615,1.119363,1.1288692,1.620286,1.5766118,1.1109769,1.1093091,0.9143205,0.9180376,0.95725685,0.92732304,0.8948609,0.86390555,0.93347704,0.9077686
1.5126858,1.5155417,1.4774648,1.4901488,1.6124063,1.64878,1.336866,1.3289633,1.3651551,1.3124512,1.5158662,1.4644337,1.684623,1.633005,1.2890317,1.2324721,1.5061499,1.4562382,1.4516634,1.4548105,1.3013589,1.3006297,1.2073753,1.1881367,1.3951715,1.3710852,1.5722282,1.5529264,1.418176,1.3635926,1.5268378,1.5200404,1.2616619,1.2805336,1.329305,1.2744031,1.2989886,1.3360542,1.3797234,1.3271618,1.9488786,2.0334682,1.2300899,1.3353151,0.88693464,0.9280598,1.015476,1.0148947,0.9473114,0.9658564,0.97467256,1.0020393
1.2932401,1.2981013,1.1786023,1.2201155,1.3829273,1.3669938,1.3931317,1.380532,1.3517898,1.2863295,1.3708749,1.3348982,1.5315295,1.5467058,1.0454929,1.0211092,1.3657609,1.4092065,1.2447842,1.299049,1.1730763,1.1636542,1.1925857,1.1544796,1.4503871,1.415779,1.587052,1.6692528,1.4058034,1.414694,1.4208328,1.4718516,1.1306963,1.1373402,1.1416999,1.1282439,1.1666881,1.1891457,0.9286033,0.95790803,1.5823017,1.6012027,1.1353672,1.1573071,0.9025076,0.9269798,0.9733638,0.9678555,0.93520904,0.9275148,0.90406716,0.9178285
1.3939081,1.3844086,1.3132668,1.3043869,1.4944628,1.4672676,1.407493,1.3907958,1.2728305,1.2615346,1.4178567,1.3726923,1.5937661,1.5907415,1.1189417,1.0555768,1.4344865,1.468272,1.4262062,1.472049,1.2196304,1.1991054,1.166704,1.122567,1.2742357,1.2920419,1.4439634,1.5773236,1.2940073,1.3054657,1.3437157,1.4052569,1.2208571,1.1776834,1.1280565,1.0986043,1.1638483,1.159781,1.1807289,1.1964052,1.5775704,1.5556183,1.0342085,1.0531107,0.8300755,0.91913253,0.96516156,0.93976146,0.9143699,0.89732516,0.85112303,0.8418492
1.4466177,1.4175894,1.3651054,1.3427123,1.543491,1.4952593,1.3808573,1.403223,1.3322356,1.3043839,1.5280162,1.4610537,1.7461866,1.7088726,1.2032514,1.1446038,1.6255782,1.6036655,1.5975152,1.6183426,1.2905378,1.2628162,1.2044505,1.1877226,1.3251255,1.3285182,1.6029172,1.6761858,1.4651282,1.453369,1.4703206,1.4619672,1.270021,1.2351388,1.2300245,1.219137,1.2502645,1.2227875,1.2608162,1.2343318,1.6280396,1.587288,1.0233525,1.0438206,0.9183175,0.9393491,1.0111254,1.0175527,0.92952645,0.9315395,0.8905493,0.8870508
1.1882523,1.1680802,1.1361095,1.1220992,1.276557,1.2621372,1.1851404,1.1597735,1.1409943,1.1268623,1.2461323,1.2513747,1.3804373,1.3638943,1.0429486,0.9981117,1.241298,1.2362413,1.2656327,1.2885599,1.1172189,1.1056547,1.0929031,1.0660263,1.2326883,1.2165784,1.4366909,1.4878618,1.2436453,1.2375921,1.3137561,1.2923168,1.1551499,1.1245526,1.0639043,1.0604956,1.1486632,1.1511099,1.1561153,1.1233392,1.4276944,1.3990035,1.0145981,1.0148933,0.83072066,0.91479707,1.0160518,0.9962333,0.94981885,0.9358844,0.8977226,0.8865402
1.2394328,1.2426538,1.198052,1.1992904,1.2621421,1.2714983,1.2462392,1.2508641,1.1342827,1.1410978,1.1841896,1.1776758,1.3837898,1.3763287,1.0782549,1.084128,1.3156928,1.3324201,1.2404205,1.2998111,1.0929106,1.107169,1.0710578,1.1007904,1.162899,1.1734475,1.30698,1.4210249,1.2649734,1.2673162,1.2500112,1.3028452,1.0502563,1.0749348,1.1159136,1.1124927,1.0203611,1.0192016,0.9620387,1.0018443,1.3217261,1.3234069,1.0095539,1.0416305,0.8698736,0.9207181,0.93032724,0.9156625,0.88621694,0.92200106,0.874276,0.87309474
1.2578442,1.2787707,1.2479885,1.2419057,1.3094187,1.3137333,1.281564,1.3026091,1.1920432,1.2292857,1.2225977,1.2420385,1.3941988,1.4113159,1.241564,1.1795592,1.3591336,1.377603,1.3199184,1.3459611,1.1359509,1.1570342,1.0843925,1.0961587,1.2388277,1.2657522,1.5140716,1.5650527,1.338925,1.341978,1.3803998,1.4037013,1.1759558,1.1854422,1.1429946,1.1273851,1.1707937,1.2138733,1.1359406,1.1587726,1.5615841,1.5669997,1.1526766,1.1337711,0.92997605,0.9411708,0.98863065,1.0038303,0.96587807,0.9505631,0.9464576,0.9580583
1.3048791,1.3390158,1.334477,1.3354845,1.4370692,1.4671222,1.286932,1.3408883,1.2691941,1.3350241,1.3368351,1.3473032,1.5009853,1.5288694,1.0312998,0.9946135,1.3392253,1.3666887,1.2645729,1.3668162,1.2107807,1.2104911,1.2509718,1.2118949,1.5968052,1.5876333,1.7675109,1.8119593,1.5714713,1.6196412,1.5451586,1.5985346,1.1668833,1.159297,1.2907922,1.2665868,1.2755082,1.3002127,1.112904,1.127745,1.579765,1.5880152,1.1691426,1.1846619,0.8976818,0.9428242,0.9582421,0.9505021,0.91802233,0.9206261,0.92560303,0.9037448
1.2681922,1.2963171,1.2544543,1.2833875,1.3343766,1.3692967,1.3058665,1.2891885,1.1722975,1.2038736,1.2560097,1.2531401,1.4474645,1.4267145,1.0977427,1.0478455,1.3205752,1.2924802,1.1935377,1.2588576,1.1554289,1.1975371,1.1295251,1.1443316,1.2799481,1.2915506,1.3202633,1.4241014,1.3354682,1.3321666,1.34474,1.360699,1.098772,1.1509901,1.111954,1.131406,1.0805705,1.0945889,1.0098107,1.0067197,1.4823979,1.4872391,1.0847613,1.1037117,0.8609652,0.92291486,0.9102911,0.9368988,0.86488855,0.91707075,0.8445249,0.86344373
1.4756795,1.4748093,1.4455612,1.453327,1.5619525,1.5599058,1.3277537,1.3255354,1.3519372,1.3456395,1.4816914,1.5174012,1.5350983,1.5207803,1.2224137,1.160022,1.4750533,1.4496527,1.4149908,1.5094558,1.3723882,1.3766595,1.2355039,1.2261412,1.483576,1.4825563,1.689583,1.6595199,1.4737916,1.4659096,1.4857502,1.4505128,1.3069001,1.2949791,1.2070982,1.1861857,1.1269172,1.145115,1.123077,1.1049727,1.4091494,1.4064937,0.9856542,1.003039,0.89207643,0.94119054,1.00079,0.9727783,0.93844384,0.9438248,0.94325805,0.9453452
1.4386027,1.3767933,1.3080341,1.2909973,1.5191196,1.4576263,1.3302894,1.2723262,1.3112113,1.2655079,1.3254538,1.3237022,1.5389776,1.5277929,1.24284,1.1672107,1.4379207,1.4100125,1.4278082,1.5064776,1.2524397,1.2282075,1.1396011,1.1529444,1.2795764,1.3136187,1.4707878,1.5042762,1.299195,1.2560283,1.4480556,1.4493237,1.242368,1.1761706,1.1236111,1.1447979,1.2304473,1.245527,1.1267003,1.138912,1.58003,1.5315006,1.1412362,1.1420803,0.90192044,0.9408312,0.9520696,0.92633414,0.89312476,0.8805363,0.9212515,0.9242125
1.3745792,1.3690132,1.2833066,1.3013762,1.426479,1.4003175,1.2871352,1.3011402,1.2870868,1.2561322,1.3711767,1.3463949,1.5016682,1.5013996,1.2153975,1.1982569,1.3632132,1.4148141,1.4232614,1.440068,1.211429,1.1962982,1.1469833,1.1289768,1.3458306,1.3963721,1.656561,1.7869868,1.405673,1.4643041,1.4384291,1.49561,1.2074803,1.2152787,1.0958472,1.0912669,1.1680802,1.1724929,1.2621437,1.2499119,1.4864401,1.4526553,1.001278,1.0137376,0.87165654,0.9394083,1.0427257,1.0299376,0.93890667,0.96576256,0.8915177,0.8894611
1.375382,1.3358257,1.3734514,1.3667916,1.4171773,1.4378468,1.3018805,1.3150768,1.2953602,1.3014126,1.3971994,1.3731798,1.629522,1.5486205,1.2220179,1.1529015,1.4881574,1.4439431,1.587416,1.5454552,1.2176927,1.2233186,1.1431881,1.1245627,1.3522294,1.3474087,1.6058166,1.6230351,1.4472704,1.4131674,1.4222107,1.4970486,1.2313209,1.1876569,1.052792,1.0616604,1.077684,1.1071869,1.3835455,1.3501551,1.809586,1.8049368,1.1724355,1.1702673,0.88282377,0.9008042,0.9959516,0.98002744,0.913129,0.8999881,0.9540177,0.9456124
1.2491031,1.206938,1.2529786,1.2502539,1.3722514,1.3295625,1.2029858,1.2352976,1.2728468,1.2337881,1.4241139,1.3813148,1.603702,1.5440407,0.998286,0.9642639,1.3309436,1.3385527,1.4890319,1.4923955,1.2002164,1.1716336,1.1605834,1.1203573,1.3792484,1.3632888,1.3987311,1.4754841,1.3458911,1.345879,1.4295474,1.446822,1.0824052,1.047397,1.1144797,1.1136976,1.1704714,1.1758693,1.1247694,1.0816203,1.3733952,1.311406,1.0369064,0.9943674,0.83211184,0.9353851,0.953299,0.9295859,0.88597995,0.8647673,0.8417483,0.84170824
1.3354082,1.3383082,1.2354192,1.2671294,1.3717918,1.3804979,1.2588372,1.2575908,1.2319835,1.2374115,1.2245673,1.2564569,1.4481634,1.4325747,1.1493927,1.1400021,1.3735398,1.433206,1.3323528,1.3605539,1.1314605,1.1452942,1.1243371,1.1045674,1.242562,1.2392404,1.492653,1.531066,1.3624599,1.352423,1.3385448,1.3137459,1.1891774,1.2003269,1.1899576,1.1991632,1.1751585,1.2089558,1.2108912,1.2436785,1.5411146,1.5076263,1.0793144,1.0782256,0.8603296,0.9393953,1.0229748,1.0315602,0.9560839,0.97497725,0.885564,0.8909403
1.4327395,1.4698308,1.3753623,1.377998,1.521115,1.5481198,1.3638319,1.3721331,1.360615,1.3395693,1.4492531,1.4277239,1.6992173,1.7035841,1.2627565,1.2304322,1.4732686,1.5439562,1.4582652,1.4966993,1.2437533,1.2550415,1.1458552,1.1476429,1.4385638,1.3918964,1.8292192,1.8795742,1.5276686,1.5241003,1.5541984,1.6264511,1.2866943,1.2984741,1.186375,1.1825899,1.2797761,1.3064474,1.1013856,1.1196555,1.7024275,1.6790345,1.1016573,1.1634893,0.91782904,0.9485178,0.9815338,0.9856832,0.9148789,0.9167842,0.94904,0.98048836
1.3033699,1.2871566,1.2801219,1.3190688,1.3452271,1.3969376,1.2589811,1.2706425,1.1876938,1.2181042,1.256135,1.307157,1.4622312,1.462222,1.1139996,1.062332,1.2850714,1.3743184,1.2791226,1.3131278,1.1486851,1.1954274,1.0771097,1.1258537,1.3180227,1.3612219,1.4655162,1.4125612,1.4132581,1.379767,1.4531035,1.381195,1.1184824,1.1716436,1.1673131,1.1797636,1.1308343,1.1487836,1.010753,1.0903736,1.42269,1.4505442,1.049342,1.129264,0.8874767,0.91840655,0.9258642,0.9781952,0.903182,0.9694582,0.88412595,0.90436435
1.3774773,1.360005,1.2036173,1.2148622,1.4021418,1.4217665,1.2514323,1.2799337,1.2279298,1.2567203,1.3253928,1.332099,1.5010631,1.4730954,1.1795812,1.1230406,1.3187115,1.3717821,1.286222,1.2832328,1.1540213,1.1611308,1.0384914,1.0532341,1.2530708,1.2625175,1.6713954,1.7233058,1.3127592,1.3420665,1.4509736,1.4594283,1.1709507,1.1490346,1.0941229,1.0881736,1.1407326,1.1363664,1.175891,1.1715748,1.4423821,1.4336385,0.95224375,0.9600545,0.82708937,0.9020967,0.9056128,0.8803984,0.8378279,0.80535656,0.8647447,0.860199
1.2741612,1.2717053,1.1357114,1.1461325,1.3041267,1.3324097,1.1971661,1.2216434,1.1753813,1.2005489,1.23393,1.2550001,1.4009537,1.3866851,1.1051071,1.0674531,1.2463896,1.291307,1.1845621,1.2309064,1.0952355,1.1078622,0.99642533,1.0222641,1.1726184,1.196894,1.5014582,1.550988,1.2201145,1.2513672,1.3523657,1.3690064,1.1190482,1.1119733,1.016211,1.0059564,1.077914,1.0757443,1.110332,1.0818679,1.3620802,1.3500749,0.92446107,0.9323945,0.79655755,0.89675933,0.8731606,0.8624332,0.81711113,0.79675055,0.8290265,0.81474894
1.1564697,1.1452596,1.0480887,1.0766907,1.2057825,1.1620227,1.1010846,1.0805619,1.1427886,0.97883415,1.2203026,1.1111459,1.2610563,1.2448887,0.9558793,0.9046526,1.1301154,1.1855214,1.2142715,1.2256688,1.1066508,1.07144,1.017662,0.99653167,1.2912877,1.295622,1.4482313,1.509663,1.3217261,1.2898855,1.2742503,1.3156145,0.9745929,0.9549973,1.1002097,1.1305424,1.091542,1.0716231,1.0747924,1.1026045,1.4676783,1.4694351,1.056101,1.0844369,0.7948566,0.9148626,0.93159056,0.90709746,0.91227025,0.88652754,0.83529097,0.83518314
1.1219591,1.1130589,1.0182194,1.0479801,1.195901,1.1397564,1.1080787,1.1297027,1.1897959,0.9887456,1.1996717,1.0971224,1.2344784,1.2389296,0.9125383,0.85787904,1.0681956,1.1653122,1.1477312,1.1776379,1.1058133,1.0545663,1.0035353,0.97788566,1.3319108,1.3115968,1.6329513,1.637819,1.3891499,1.3137434,1.3063426,1.3491954,0.9485997,0.9195408,1.1106092,1.132951,1.0573671,1.0504255,0.99799585,1.0278778,1.4213208,1.4295194,1.0479951,1.0370107,0.79168445,0.9073998,0.90146285,0.86907375,0.89176476,0.8945308,0.8179012,0.8182555
1.409228,1.4040827,1.303831,1.2882683,1.4739591,1.4695215,1.4214166,1.3971465,1.3792677,1.3717972,1.414776,1.3927965,1.5482203,1.5518148,1.2806808,1.2428217,1.5010453,1.5356311,1.3927758,1.4469532,1.2006721,1.2129868,1.1838261,1.1754158,1.3076811,1.292648,1.7974509,1.8047007,1.4851043,1.4666904,1.5975878,1.5661619,1.238822,1.2304548,1.150369,1.1374888,1.2202499,1.2072487,1.217339,1.1941609,1.5029811,1.471539,1.0299293,1.0446703,0.89479697,0.9457428,1.0590925,1.041829,0.9866913,0.9679962,0.90246737,0.9137921
1.3977757,1.3969724,1.2908062,1.2800256,1.4443737,1.4613312,1.4171646,1.4033293,1.3472462,1.3633097,1.4077454,1.3919134,1.5381327,1.535851,1.2525163,1.2174875,1.4774371,1.4957727,1.3530321,1.4290055,1.2268727,1.2382234,1.1929559,1.1874274,1.3013786,1.2884425,1.6725252,1.7083135,1.4362003,1.3941299,1.499477,1.4904541,1.2261777,1.2171817,1.227116,1.2176604,1.1849345,1.1799939,1.1658776,1.123001,1.4705886,1.4506195,1.0698075,1.0816283,0.9371886,0.9552308,1.0368392,1.0387218,1.0021745,0.9705977,0.92710453,0.91615015
1.3125651,1.3022366,1.2904485,1.2963586,1.3907732,1.3738605,1.1852227,1.1812384,1.2434909,1.2038285,1.3029374,1.2872709,1.4327585,1.4086194,1.1561269,1.0908395,1.3447968,1.367976,1.4214549,1.4309764,1.2136381,1.1899505,1.1436707,1.0960891,1.3277642,1.2973337,1.4765639,1.56334,1.3270509,1.3127904,1.3948244,1.4031667,1.1643412,1.1666207,1.1629235,1.1411415,1.1733675,1.1926931,1.0774312,1.0225352,1.4429716,1.4088191,1.036109,1.02489,0.83310354,0.9198724,1.0342443,1.0078431,0.964374,0.9456451,0.88510036,0.86890006
1.3125186,1.3127704,1.2957547,1.3113952,1.4118811,1.3884797,1.194067,1.1918443,1.2748858,1.2082527,1.3168257,1.2898667,1.4191111,1.4197984,1.1483887,1.0882665,1.3490363,1.3939712,1.401963,1.4550307,1.2391448,1.2115114,1.1551201,1.1187681,1.3430543,1.3493762,1.4107183,1.5603814,1.2900081,1.3491697,1.4065765,1.4329078,1.1713383,1.1560829,1.1197691,1.0927633,1.1471536,1.1796042,1.087451,1.0308071,1.4889082,1.4537926,1.0454093,1.0404963,0.8321658,0.9144206,1.0274376,1.0018642,0.948044,0.9261548,0.88214797,0.851577
1.5714487,1.5217221,1.3547319,1.357814,1.6018512,1.5464264,1.4069914,1.4231919,1.4070327,1.3601418,1.4992943,1.4462733,1.7745342,1.7148515,1.3652095,1.2741328,1.5118053,1.5588024,1.5123912,1.5294882,1.3041384,1.2682033,1.1965704,1.1936529,1.4295496,1.3870435,1.8375044,1.9207823,1.5867909,1.5566204,1.6243078,1.6409115,1.3309335,1.3146503,1.0969112,1.0784572,1.2181194,1.2118253,1.2475349,1.2167623,1.589229,1.5631983,1.0367544,1.0547903,0.79810387,0.9005349,1.0157772,0.9996183,0.94776005,0.94986564,0.8799036,0.88428116
1.5807797,1.5104996,1.3420026,1.3435686,1.6101619,1.546223,1.383767,1.4075934,1.3981881,1.3667926,1.50638,1.4551888,1.7765226,1.7115045,1.3516606,1.2662277,1.5007216,1.5487132,1.5161303,1.5405065,1.3258116,1.286169,1.1869785,1.1907041,1.4581673,1.415527,1.8568329,1.961745,1.6021093,1.5884086,1.6552463,1.7014643,1.3100331,1.303604,1.1315947,1.1227577,1.2429965,1.2357473,1.2146084,1.180249,1.6303287,1.594774,1.0643466,1.1029286,0.80704236,0.90038484,1.010684,1.0061482,0.93942946,0.93435276,0.89092326,0.89366865
1.5299968,1.4981189,1.4299124,1.4093627,1.6130036,1.5839753,1.4170465,1.4001923,1.3728188,1.3615053,1.5163469,1.4895993,1.6712807,1.6342117,1.3352519,1.2930559,1.4950054,1.5204539,1.5286547,1.5101372,1.3102003,1.2866312,1.2715192,1.2577081,1.4002833,1.4036024,1.7006044,1.7463073,1.5136056,1.4622835,1.5337344,1.4886549,1.3303723,1.3292332,1.2798733,1.2814964,1.21744,1.3600632,1.3430805,1.286914,1.5690575,1.5434638,1.1007804,1.1008941,0.96330917,0.96971935,1.0912168,1.068772,1.0308466,1.0230716,0.95939267,0.9874101
1.4787247,1.4461133,1.3736693,1.3625171,1.5594643,1.5089561,1.3920982,1.3615285,1.3283122,1.3049098,1.4716538,1.4278702,1.6500491,1.605583,1.2947718,1.2469248,1.4975741,1.5193238,1.4830364,1.4908166,1.286934,1.2487183,1.216948,1.2065878,1.3317116,1.3176026,1.7064604,1.7356268,1.4377152,1.4057716,1.4634213,1.4220948,1.2963902,1.2868102,1.2243322,1.2106435,1.2350459,1.3781894,1.3476675,1.3148638,1.5576128,1.5284215,1.0213727,1.0515497,0.90253717,0.9612299,1.07471,1.0418314,1.0145719,1.0041062,0.9400969,0.95764244
1.2783514,1.3040663,1.307884,1.3450522,1.257658,1.3104111,1.1771487,1.2233373,1.1205951,1.1146259,1.1874574,1.1845251,1.395721,1.418451,1.2088075,1.1635873,1.3181071,1.3604683,1.2912416,1.3420631,1.1509048,1.1645902,1.1507846,1.1552225,1.0857756,1.1294101,1.3365114,1.4307629,1.258826,1.275477,1.1878412,1.185897,1.2276952,1.2405366,1.1884785,1.2042568,1.2173705,1.2326438,0.96980345,1.0617099,1.4788936,1.5138409,1.1962061,1.2460139,0.95838934,0.9477461,1.007359,1.0445027,1.0028033,1.063833,1.0264246,1.0517427
1.2019191,1.1968142,1.2269555,1.213727,1.2515367,1.2019207,1.1383595,1.1354077,1.1657829,1.0986836,1.1399528,1.0964153,1.3590612,1.3484001,1.19247,1.1519533,1.2857674,1.2793926,1.2729148,1.2481209,1.0705749,1.0947452,1.127524,1.137184,1.0958601,1.1052591,1.4425098,1.505139,1.3479892,1.3754123,1.3290265,1.3843089,1.1613487,1.1516482,1.113392,1.107426,1.1104385,1.1032459,1.0193155,1.0201831,1.3308173,1.3502737,1.0762529,1.0982643,0.8784571,0.92893606,0.9933198,0.9248899,0.957726,0.8925517,0.9821726,0.92988545
1.1318249,1.159368,1.2079046,1.2061553,1.2620747,1.2305598,1.168403,1.1693578,1.1648396,1.1283008,1.1974577,1.1986432,1.3371843,1.3192894,1.03857,1.0452938,1.2406697,1.3030295,1.2007945,1.2221336,1.1582005,1.1446041,1.1408137,1.1172994,1.2742128,1.2822121,1.4330679,1.4763446,1.339391,1.3367558,1.2747158,1.2657487,1.1496385,1.1500052,1.1535434,1.1410993,1.1365227,1.154477,1.0062459,1.0470016,1.4003757,1.3621209,1.0712217,1.0608225,0.91358244,0.935075,0.9410333,0.9332069,0.9599323,0.92849946,1.0041083,0.9961916
1.2529784,1.2632353,1.2521962,1.2471267,1.2371448,1.2552199,1.101632,1.1228071,1.0597955,1.110041,1.1417245,1.1610354,1.3568133,1.4143277,1.1662642,1.1005827,1.2213304,1.3006018,1.3721883,1.3761255,1.1104326,1.1234052,1.03086,1.0364939,1.1845039,1.2060288,1.3275422,1.4728658,1.2656789,1.307891,1.2678708,1.2470837,1.1170341,1.1477042,1.058987,1.0721381,1.1611152,1.1656348,1.0478234,1.0540149,1.5024803,1.4920589,1.0438673,1.0796269,0.8394567,0.9101467,0.86211383,0.87089497,0.88631505,0.90163577,0.90816516,0.90914065
1.4431514,1.3827446,1.3034247,1.2547556,1.5197881,1.4266477,1.5502476,1.5253953,1.309369,1.3121035,1.2950653,1.3313371,1.6084492,1.603044,1.2415295,1.2040861,1.4727573,1.5149764,1.2269144,1.267408,1.130931,1.135143,1.0688326,1.0608904,1.2813174,1.3711698,1.6125771,1.6050352,1.3607477,1.3424556,1.4983712,1.650554,1.2641705,1.1755865,1.1216052,1.1232553,1.1614553,1.1853971,0.9235565,0.96772736,1.4617919,1.4761814,1.041847,1.1057832,0.8611376,0.90948176,0.88612473,0.90524614,0.8837224,0.9103119,0.92453754,0.9412662
1.405642,1.3586019,1.3158853,1.2988418,1.4024448,1.3893092,1.2675564,1.2975599,1.221002,1.2160594,1.2570387,1.2015684,1.6264302,1.6062466,1.232571,1.1954684,1.5196807,1.5120559,1.4881201,1.5462942,1.1886322,1.1534603,1.1458285,1.1379292,1.0528275,1.1096677,1.4809502,1.6363499,1.4183526,1.4218242,1.3883712,1.4658973,1.2451752,1.2899191,1.1361295,1.1515685,1.2371105,1.2582425,1.1107787,1.1503274,1.5777926,1.6555203,1.1473553,1.2550796,0.93184817,0.92489207,0.93282145,0.9639819,0.879364,0.97125036,0.94810253,1.0075442
1.5018,1.5210516,1.2882946,1.3531915,1.4808228,1.6237432,1.6781988,1.6823115,1.3413657,1.474247,1.3324497,1.4912256,1.699495,1.7294043,1.2946008,1.2120982,1.5504786,1.7117221,1.4984392,1.5098088,1.1307114,1.3002188,1.1206769,1.263444,1.402793,1.5203933,1.8013947,1.8941009,1.4867245,1.4478344,1.5676329,1.6298412,1.1913579,1.284496,1.239008,1.262814,1.2592278,1.3408823,1.0753425,1.1961776,1.6762148,1.8090575,1.255351,1.3047081,1.0307227,0.9486929,0.97237104,1.0334916,0.9289439,1.0309029,1.0377582,1.0314069
1.0922915,1.1342787,1.0680288,1.0890353,1.1295786,1.125425,1.1704314,1.1323535,1.0354397,1.0028838,1.0358982,1.0155088,1.3024002,1.2302196,1.0539626,1.0195814,1.1783419,1.1985645,1.1631687,1.1529186,0.9860049,0.99251646,1.0303937,1.0075215,0.952375,0.9346264,1.3590963,1.4295579,1.2847605,1.2395335,1.2817328,1.3227352,1.1213746,1.0946195,1.095675,1.1086615,1.0338054,1.0166888,0.9247559,0.9539385,1.2593117,1.2589778,1.0115976,1.0177472,0.909694,0.9305069,0.9263001,0.90189195,0.92516786,0.9007285,0.9150533,0.8812574
1.2248595,1.2382895,1.257577,1.2457919,1.2995096,1.3265877,1.2289188,1.2137346,1.2028513,1.1889786,1.281029,1.2893453,1.4507996,1.4500177,1.07486,1.0327542,1.3372681,1.3283757,1.3358654,1.3371292,1.2056029,1.1921262,1.1603088,1.1619872,1.3586962,1.364564,1.3380786,1.3932571,1.3380315,1.2995769,1.4304724,1.4490019,1.0680864,1.0598654,1.0537939,1.0387757,1.0632093,1.0768833,0.90998375,0.9462404,1.4827266,1.4851011,1.0972706,1.1423804,0.8686623,0.92684156,0.89478266,0.8535723,0.92624617,0.9464152,0.89382386,0.8892991
1.263332,1.2603934,1.2813418,1.2850347,1.3469002,1.3509328,1.1931603,1.2123344,1.1538533,1.1624922,1.2727094,1.2572596,1.4977062,1.4569829,1.1558291,1.0888159,1.364629,1.362889,1.3543043,1.34174,1.2086506,1.1799788,1.154447,1.1442496,1.3640518,1.3703648,1.6098994,1.6787027,1.438204,1.4395566,1.4549216,1.3968537,1.1604706,1.1482073,1.1799755,1.1688375,1.2107868,1.2144864,1.0071692,1.0024923,1.487816,1.4857488,1.1287178,1.1395277,0.8978724,0.92877126,0.9624616,0.9594677,0.9222766,0.92938626,0.9629808,0.95295566
1.6448324,1.6640955,1.3872579,1.4506657,1.627264,1.7097644,1.5400983,1.5562031,1.3456466,1.5830873,1.4719617,1.4886045,1.8190012,1.8124008,1.3455375,1.3429309,1.6343275,1.6569728,1.3247232,1.4356542,1.1353416,1.1892102,1.1061716,1.1110133,1.4610156,1.4391022,1.5952983,1.7215291,1.5063668,1.54163,1.4258423,1.5289829,1.2200898,1.2518314,1.2052689,1.2296805,1.1434153,1.2288607,0.6676985,0.73944885,1.4471047,1.5157349,1.115015,1.2197586,0.874813,0.90131116,0.8758219,0.9281929,0.8698283,0.8756903,0.86318123,0.89808
1.2839062,1.3005154,1.2608112,1.2918664,1.3475993,1.3785954,1.296412,1.268502,1.3203819,1.332919,1.2824912,1.2745798,1.4331182,1.4514579,1.2235329,1.1804531,1.3015302,1.2862252,1.2978832,1.3236793,1.1992084,1.1728693,1.1614434,1.1369143,1.2107981,1.1758221,1.4300188,1.5389984,1.440778,1.3849741,1.3889437,1.4360613,1.3011805,1.2829362,1.0944692,1.0757331,1.0730323,1.073227,1.141941,1.154218,1.5292331,1.5055666,1.1143283,1.0875703,0.9208507,0.94640225,1.0663426,1.0093873,1.0523752,0.9906483,0.9530935,0.94075155
1.283376,1.3165641,1.2798481,1.2782979,1.357715,1.3648919,1.2684468,1.2372447,1.3170433,1.3055801,1.3041565,1.3006821,1.4303186,1.4508982,1.2187452,1.1813186,1.3172894,1.3148878,1.2827117,1.3365175,1.230847,1.202671,1.1911534,1.1303612,1.2677797,1.2302303,1.4753363,1.6019471,1.467561,1.3999006,1.4028372,1.4781194,1.2776589,1.2875755,1.1082418,1.0691874,1.1192559,1.1145307,1.18073,1.1946193,1.5204666,1.5093963,1.1017227,1.0963753,0.92696756,0.9475266,1.0537851,1.0229304,1.0333078,1.0016711,0.95702726,0.94591326
1.1565223,1.2141603,1.2229685,1.2564653,1.2778462,1.3000144,1.1971054,1.2297778,1.1963601,1.1946234,1.2237474,1.2090452,1.3978195,1.3793882,1.1120633,1.100636,1.3077116,1.3521454,1.2913437,1.3041664,1.1414877,1.1533865,1.1328363,1.0987458,1.3211617,1.3040426,1.5780313,1.6321396,1.4461125,1.4186025,1.5147096,1.524454,1.2136343,1.2281938,1.1578845,1.1311555,1.1642174,1.1841518,1.0574876,1.0990806,1.4857113,1.4873494,1.1728827,1.1982507,0.9705682,0.9432793,0.9558326,0.95531887,0.9303073,0.9330291,1.0175427,1.0057724
1.1003592,1.1483417,1.1580657,1.1773516,1.2078675,1.2189825,1.1355305,1.1509898,1.108131,1.1103226,1.1384093,1.1286291,1.2818002,1.2834886,1.091834,1.0749037,1.2476622,1.281892,1.2022455,1.2063614,1.0786967,1.0744134,1.0780705,1.0346235,1.2048849,1.1535093,1.4243853,1.464085,1.3337674,1.2896807,1.3853376,1.3816684,1.1585914,1.1534384,1.1540697,1.1201842,1.1331714,1.1429989,1.0295264,1.0432521,1.3886136,1.3552945,1.1182396,1.1326666,0.9376694,0.94387144,0.9402199,0.92563426,0.92155063,0.91986376,0.9804762,0.96598065
1.3534253,1.337014,1.2814208,1.2929784,1.3937724,1.3918029,1.266922,1.2702376,1.2440021,1.2537562,1.2381849,1.239743,1.4590511,1.4038963,1.2090821,1.1166015,1.3246711,1.397062,1.380245,1.4130653,1.1516154,1.1393678,1.1116091,1.090267,1.3036172,1.2773986,1.8146701,1.7992203,1.5970594,1.4959669,1.5085063,1.4627285,1.2058215,1.2117976,1.1227664,1.0997926,1.1207051,1.1146927,1.0428967,1.0775506,1.4670337,1.4492942,1.1281571,1.1418942,0.9116407,0.9327129,0.9606912,0.963926,0.93057126,0.94077647,0.93650776,0.92864656
1.1826352,1.1272947,1.2400559,1.2328006,1.2353255,1.1616392,1.0546536,1.0541258,1.1120006,1.0426352,1.1729902,1.095308,1.2985818,1.248484,1.1446939,1.0758492,1.142414,1.2057428,1.2335362,1.282147,1.1544063,1.0774734,1.1375465,1.0933982,1.1642554,1.1287367,1.3988525,1.4245639,1.3770717,1.2945579,1.294937,1.2772626,1.1689928,1.1409154,1.0146488,1.0066386,1.0003672,1.0095284,0.9975661,1.0268145,1.3131264,1.2852054,0.9934101,1.0445652,0.9002241,0.9358532,0.9820973,0.95121574,0.91845876,0.92299247,0.8736816,0.9000627
1.283651,1.3472396,1.1393033,1.1660533,1.3077693,1.3175228,1.4403039,1.4443508,1.2019426,1.2137444,1.2497271,1.2617869,1.6230935,1.6037049,1.134197,1.1096556,1.4452205,1.517104,1.2957205,1.3484876,1.0199982,1.0530906,1.0449868,1.0822202,1.2863934,1.3404253,1.4439768,1.6700304,1.3169032,1.3495876,1.5175971,1.5009187,1.0460731,1.010664,1.1298395,1.1411852,1.0719553,1.1272534,0.8554336,0.87534535,1.4044834,1.4566915,1.0745947,1.1234521,0.9265844,0.9356048,0.7886047,0.8280704,0.8064126,0.87057614,0.8740595,0.8838862
1.3474725,1.3898745,1.1852896,1.211934,1.3304,1.3639873,1.4705997,1.4638361,1.1831508,1.2325702,1.2395947,1.2587196,1.6596284,1.6137996,1.1873544,1.1319002,1.4726883,1.5248839,1.332468,1.3993075,1.0296184,1.0807371,1.0509303,1.0910565,1.26402,1.3122276,1.4624019,1.6602877,1.3205826,1.3284003,1.5245368,1.4746816,1.0431896,1.059364,1.118543,1.1318704,1.1134601,1.1550717,0.89486617,0.88995326,1.4479201,1.5031672,1.1406779,1.1612747,0.9363648,0.93199664,0.8142688,0.8407769,0.8111834,0.884202,0.9050464,0.8960282
1.5919588,1.591093,1.5209352,1.5210344,1.6066216,1.6255994,1.5749302,1.5038564,1.4976623,1.4796582,1.428434,1.4289818,1.5742468,1.589547,1.4450773,1.3638192,1.4680953,1.3692094,1.2883672,1.2759317,1.2243047,1.2367778,1.1469296,1.1130369,1.3355596,1.3259462,1.867649,1.833134,1.4932292,1.4445777,1.705614,1.696404,1.3771337,1.4112533,1.2948297,1.3257314,1.195984,1.2395532,0.8270304,0.9048485,1.7122316,1.7508974,1.2412889,1.3518273,0.8833152,0.9180566,0.7836733,0.84824145,0.8682599,0.8655183,0.8804082,0.9221946
1.2607518,1.2638289,1.2384512,1.2521348,1.2532158,1.2876607,1.2894219,1.223986,1.1651677,1.1737688,1.0575218,1.1052496,1.2235762,1.235492,1.1618438,1.1061922,1.2033571,1.1412386,1.0962662,1.0848212,1.0022094,1.0394047,1.0055184,1.0205233,1.0232778,1.0686897,1.409132,1.4393661,1.2459178,1.2127563,1.2978816,1.344647,1.1300159,1.1500359,1.0536491,1.0742277,1.0141678,1.0829186,0.75579995,0.8215598,1.3919582,1.4225091,1.0393429,1.0819207,0.875767,0.92747915,0.77519375,0.82935315,0.8518296,0.8184355,0.81455714,0.86051404
1.5721797,1.5491698,1.4448091,1.4424831,1.5974649,1.5398571,1.6424555,1.6022826,1.3793552,1.3639613,1.4309926,1.3752732,1.6014968,1.6235646,1.3632312,1.2855269,1.6292516,1.6692266,1.3591615,1.3600287,1.2154416,1.2119563,1.1992437,1.192262,1.2897314,1.2464491,1.4884834,1.5526465,1.3916728,1.4433475,1.4523201,1.4776314,1.2750381,1.2837782,1.2676659,1.2493163,1.2561646,1.2766597,1.1313787,1.1390396,1.6724237,1.6258584,1.2119491,1.2501042,0.9458359,0.94571006,0.9298628,0.9496111,0.97653466,0.90663105,0.99531764,1.0263532
1.3296069,1.3352401,1.2595508,1.2902944,1.3324267,1.3380402,1.3952954,1.3591793,1.1610383,1.1936328,1.1790732,1.1847475,1.3557476,1.359647,1.2153015,1.1519471,1.4331528,1.4443016,1.2161964,1.2141633,1.0687213,1.1113746,1.080686,1.0962521,1.1022768,1.0969441,1.2915937,1.329968,1.2227048,1.2549822,1.2320136,1.2384933,1.1325433,1.1417578,1.1620648,1.1785886,1.1680492,1.1943147,1.0418305,1.08179,1.4508951,1.4575965,1.0865669,1.1660572,0.9434566,0.9542436,0.8615073,0.89485085,0.8889155,0.93206567,0.9527469,0.9801987
1.2452849,1.2814296,1.1201458,1.1394259,1.2861165,1.3166008,1.2632657,1.3303456,1.1081128,1.1712667,1.1056598,1.1980025,1.3576553,1.3791783,1.141573,1.0920601,1.2942137,1.3792918,1.2287573,1.2578514,1.0197555,1.0900288,0.9906878,1.0854455,1.127819,1.2076937,1.402897,1.5997442,1.2881609,1.3393942,1.322727,1.326076,1.070879,1.1132034,1.0830395,1.1172746,1.221525,1.2518467,1.1481668,1.1314862,1.6933548,1.6237506,1.2289945,1.2346733,0.9158371,0.9239675,0.9143716,0.94825184,0.8983686,0.9075774,0.9996117,1.0044534
1.2544188,1.2599115,1.1163902,1.1378719,1.2696383,1.2998064,1.2517503,1.3314363,1.110837,1.1575204,1.0920472,1.1559914,1.3477175,1.3681548,1.113287,1.0902469,1.3169469,1.3889292,1.2453943,1.2599392,1.028157,1.0577334,0.99769723,1.0569433,1.0846069,1.1312816,1.3768066,1.4769084,1.2718879,1.3006408,1.2559788,1.2455367,1.0499978,1.0923547,1.0450295,1.0627633,1.1905919,1.2169132,1.1062348,1.0942537,1.6742429,1.6206052,1.2163217,1.2294977,0.88739073,0.9164362,0.8881973,0.9144356,0.8666887,0.8683763,0.9865402,0.99646765
1.1991725,1.2215742,1.2032405,1.2322335,1.2369215,1.3013182,1.0916752,1.2191114,1.1211948,1.1582369,1.2162243,1.2387242,1.3871776,1.3858814,1.0884354,1.0721418,1.2068897,1.3188798,1.2879068,1.3461056,1.0760362,1.1180174,1.0572721,1.0648543,1.2203174,1.2483635,1.3410438,1.3994958,1.2814945,1.2744577,1.2288821,1.3246158,1.0208292,1.0392011,1.1651924,1.1625234,1.0229144,1.0463339,0.8395232,0.8992796,1.3170791,1.3520175,0.9985751,1.018967,0.85057485,0.93080705,0.85617846,0.8564633,0.90086055,0.88407296,0.8533627,0.85620886
1.2485489,1.2519733,1.2098738,1.2050687,1.3103813,1.3365853,1.3082529,1.2672472,1.213688,1.2128757,1.249823,1.2589014,1.4099802,1.3865548,1.1124244,1.0302752,1.375962,1.404507,1.1663995,1.2005714,1.1166947,1.1010569,1.0739186,1.0417405,1.251612,1.3146713,1.4160825,1.4989101,1.287625,1.2626467,1.4211876,1.3764598,1.0580556,1.0577797,1.0300602,1.0398617,1.0182941,1.0159495,0.8891578,0.8838048,1.3660222,1.3846596,1.0389433,1.0348972,0.8240319,0.90612763,0.82904315,0.7942019,0.88622826,0.8232587,0.8963207,0.8933972
1.3804243,1.4008601,1.2548479,1.2780708,1.4542629,1.5130333,1.340528,1.3719264,1.2846605,1.3342445,1.3678926,1.4116952,1.6106544,1.6310973,1.2167175,1.1610966,1.5193139,1.577214,1.3724511,1.4137145,1.2563114,1.2934433,1.1554693,1.1744983,1.3827229,1.4168522,1.708526,1.6930684,1.4763216,1.4775299,1.4845606,1.4180777,1.218028,1.2244083,1.2096184,1.222669,1.1516516,1.1584783,0.99455726,1.0443056,1.5997283,1.6366162,1.123998,1.1331702,0.8863902,0.9130039,0.8681784,0.93091583,0.8600255,0.90672016,0.9650185,1.0090299
1.2738172,1.2637216,1.2670705,1.2494899,1.3904259,1.2857903,1.3398349,1.3782047,1.262808,1.2344254,1.4091461,1.3920288,1.5927043,1.5906303,1.0851189,1.099973,1.4288704,1.4478662,1.3677766,1.3564607,1.2358154,1.1899061,1.166696,1.1438181,1.3569819,1.3441095,1.5087954,1.5619212,1.4022455,1.4020255,1.4577577,1.4854265,1.1390651,1.1219196,1.2007266,1.2236487,1.0468444,1.0648594,1.0085831,1.0423019,1.5325289,1.5343188,1.1752844,1.1883528,0.9152876,0.9301023,0.96394426,0.9149932,1.0141141,0.97426504,1.0016221,0.9516357
1.2457561,1.2352359,1.2313691,1.2450074,1.3022234,1.325583,1.1769615,1.1650857,1.2013328,1.1927438,1.2725961,1.2979094,1.4034808,1.3970479,1.10759,1.0923606,1.3419772,1.3629562,1.1857399,1.208897,1.1213795,1.1668384,1.0603285,1.0931622,1.262281,1.3003192,1.5160507,1.5539553,1.3318843,1.324155,1.3827056,1.4359975,1.1254103,1.1344627,1.115892,1.1372982,1.024341,1.0479349,1.015079,1.043566,1.3194289,1.3211031,0.98973775,1.0228236,0.87513226,0.92125297,0.9150756,0.9063375,0.86167926,0.8812496,0.92140996,0.9059921
1.3177394,1.3438143,1.3162177,1.3056277,1.3195456,1.3372214,1.2325652,1.2651542,1.146138,1.1777356,1.2411098,1.229427,1.5505327,1.5420874,1.3312005,1.2566392,1.4501072,1.467918,1.3992922,1.4632822,1.1639272,1.1863397,1.1398658,1.1857684,1.1565689,1.1818365,1.5492533,1.6422265,1.397847,1.4533492,1.3985193,1.3667556,1.2702259,1.3400937,1.179898,1.1921623,1.2185152,1.2579623,1.187644,1.2061356,1.5909033,1.6939628,1.2262127,1.2867882,0.96876574,0.94582075,1.0497124,1.0906205,1.0256344,1.0930653,0.999636,0.9904997
1.4549127,1.4526148,1.4191108,1.4328969,1.4938031,1.4824018,1.350952,1.364029,1.359983,1.358202,1.427035,1.4034507,1.6342934,1.6114368,1.3832791,1.3439237,1.4940395,1.5094374,1.4811331,1.4862529,1.3523948,1.3389661,1.3727866,1.3518546,1.4365194,1.4473038,1.949867,1.961834,1.7809525,1.7444376,1.574654,1.4727867,1.3665887,1.409076,1.363005,1.3887662,1.2522162,1.2052277,1.1569334,1.172883,1.5216055,1.5713207,1.183649,1.2198218,1.0115236,0.96458524,1.0960491,1.0543519,1.0925835,1.0717249,1.0071903,1.0036542
1.401009,1.3980917,1.3158661,1.3360887,1.5072533,1.5109103,1.4464136,1.4455488,1.3731279,1.3590713,1.3978267,1.390029,1.6096716,1.6198013,1.2705443,1.2021452,1.4879996,1.5266728,1.4675972,1.4824312,1.2213005,1.2141242,1.1638595,1.139801,1.3761973,1.4060445,1.6649897,1.8184142,1.5535554,1.5425619,1.5122232,1.5982089,1.2740961,1.2301663,1.0968704,1.0922159,1.2301241,1.2512434,1.1293625,1.1511102,1.5375613,1.5542268,1.1367897,1.1478943,0.9361463,0.9384971,0.930136,0.9496992,0.8622329,0.89689696,0.99179316,0.9887987
1.2738097,1.2908115,1.244564,1.2721884,1.3463962,1.3740873,1.3728985,1.397213,1.2387005,1.287619,1.2887646,1.3364218,1.4518404,1.4966946,1.1948137,1.172515,1.3981174,1.4449707,1.2088258,1.3057457,1.1724803,1.2344987,1.1499097,1.1752998,1.3514186,1.4161093,1.4819529,1.6033032,1.3856125,1.4367754,1.4525279,1.4439286,1.2004302,1.2262706,1.0993901,1.0905344,1.0874718,1.1043144,0.94824,1.002789,1.5387633,1.559391,1.0950592,1.1312156,0.8823925,0.92559665,0.95946497,0.9587609,0.92665964,0.9309343,0.9281142,0.94472706
1.1527747,1.1457249,1.1119875,1.0944588,1.2278856,1.1984712,1.2567574,1.2555536,1.1516545,1.1413784,1.2236874,1.1952236,1.5060432,1.451908,1.0471836,0.97251534,1.3184066,1.3284845,1.2239695,1.2719251,1.0788127,1.0459563,1.0656977,1.0491236,1.3251506,1.3233595,1.5823038,1.5977181,1.4524537,1.4134461,1.4434,1.3962598,1.0446835,0.9960114,1.0771681,1.0573497,0.97277737,0.9524531,0.84750676,0.8120371,1.3237556,1.2898196,1.0350218,1.0121539,0.8505672,0.90686923,0.8459789,0.8510913,0.829342,0.8416162,0.85680306,0.8254344
1.445081,1.4491596,1.4014469,1.3672754,1.4871475,1.5092591,1.4756542,1.4408739,1.3690933,1.3496048,1.3675668,1.3918254,1.6182358,1.6172113,1.315556,1.3017997,1.583006,1.5604479,1.4807905,1.5907457,1.2761728,1.2840496,1.2984487,1.2754077,1.3217767,1.3559822,1.6691685,1.7234182,1.5646092,1.5849913,1.5720094,1.4825227,1.3551652,1.372917,1.1257684,1.1153587,1.1251229,1.1339663,1.1899662,1.2406493,1.5867469,1.5827115,1.2189898,1.2317363,1.0077413,0.9621953,1.1402483,1.1079366,1.0682319,1.0803987,0.96543294,0.96802866
1.291625,1.34542,1.332601,1.3496112,1.3832829,1.4302678,1.2912611,1.3149705,1.2023007,1.2969303,1.0991542,1.2657619,1.4571853,1.5089247,1.3045968,1.2535166,1.4613385,1.4878175,1.3499658,1.3944155,1.1392936,1.1716471,1.1036603,1.1494383,1.0587764,1.1782639,1.4321885,1.6728119,1.3672178,1.5063835,1.2958344,1.5799906,1.3241694,1.304993,1.2313097,1.2159826,1.1913776,1.2856429,1.2067735,1.2569102,1.5247583,1.5937287,1.2051891,1.2534547,0.9806886,0.9563932,1.0882919,1.1448627,1.0653352,1.0794342,1.0227498,1.0343661
1.2149367,1.2433861,1.1759793,1.1957557,1.218547,1.3140801,1.1888134,1.1613151,1.0650479,1.1320165,1.1396723,1.1632973,1.3057305,1.2848144,1.029389,0.98719394,1.2154771,1.2253768,1.2515002,1.2047513,1.0378687,1.0995463,0.9986755,1.01849,1.1140599,1.1599944,1.1678063,1.281017,1.2072035,1.2247158,1.173767,1.2521114,1.0160005,1.0494078,0.98736346,1.0139432,1.0668099,1.0755876,0.98714864,0.9666724,1.3981411,1.4108115,1.0593435,1.0983814,0.85335517,0.91193223,0.8274385,0.8397455,0.8216717,0.86760795,0.8912401,0.9080958
1.4946864,1.4928932,1.3808275,1.4021897,1.5434949,1.5385712,1.3687634,1.3852631,1.3764662,1.3795177,1.4574902,1.413722,1.663336,1.6253625,1.3404442,1.2850544,1.6050564,1.6129798,1.5767804,1.5707673,1.3281955,1.307431,1.2561647,1.2239971,1.3754728,1.3555831,1.7012457,1.7192767,1.5453346,1.5094197,1.6555965,1.649555,1.3656129,1.3501459,1.2223701,1.2206943,1.3222305,1.3174763,1.2723773,1.2738677,1.4979625,1.4782006,1.1214623,1.1368588,1.0109358,0.957021,1.091524,1.0764139,1.037645,1.0297745,1.0578812,1.0496472
1.0746728,1.0636016,1.0994701,1.0951716,1.1805733,1.1542326,1.114416,1.1346439,1.011412,1.0435742,1.073635,1.0692427,1.2409455,1.1820567,0.94460636,0.8977026,1.1064306,1.0814831,1.1651335,1.1078641,1.0462955,1.0220152,1.0466964,1.007067,1.209244,1.1808196,1.5876569,1.5570694,1.3293799,1.3239751,1.2903814,1.2461811,0.9841535,0.9690125,1.2013307,1.1666329,1.0954291,0.9185793,1.0092634,1.0207667,1.4342009,1.4227949,1.1074947,1.1720309,0.9059119,0.9221156,0.86271197,0.878387,0.85027814,0.8587728,0.9323172,0.9240363
1.3219349,1.3750793,1.2886411,1.3112881,1.4679255,1.4952289,1.4758397,1.506295,1.3757439,1.3243496,1.3811066,1.3356901,1.7635,1.7484945,1.239311,1.184058,1.6209219,1.6250603,1.5109806,1.512199,1.1532915,1.1553984,1.1606684,1.1437505,1.3311833,1.3322754,1.9025537,1.7773659,1.6251833,1.5743655,1.685176,1.6606497,1.2763321,1.2597147,1.0982269,1.0899148,1.2488011,1.2666541,1.0530314,1.0530207,1.6220137,1.6529423,1.1078415,1.1608464,0.88709843,0.9139984,0.91697246,0.9307829,0.88825345,0.9271603,0.9556453,0.9634218
1.2285439,1.2440734,1.1708634,1.1709585,1.2699577,1.2882302,1.3169506,1.3034065,1.1570084,1.1579598,1.1949022,1.189187,1.3998913,1.3860985,1.1266105,1.1129442,1.3387537,1.3340151,1.2863055,1.2878575,1.1213043,1.1257473,1.1061721,1.109231,1.1848955,1.1746417,1.4591277,1.5155865,1.3785468,1.3248658,1.3396834,1.3367769,1.1126812,1.089464,1.139562,1.131944,1.1269989,1.1528184,1.0470717,1.0604392,1.4410337,1.4561093,1.1088781,1.1293074,0.9016058,0.9423851,0.9774435,0.9586572,0.93172556,0.943284,0.93967116,0.96173334
1.3845301,1.3895955,1.3539442,1.340849,1.4537809,1.4859557,1.3968498,1.3885475,1.313735,1.3679539,1.3651086,1.3834664,1.5350007,1.5401682,1.2471552,1.1977687,1.4737871,1.4843638,1.4227854,1.4376364,1.2417587,1.27805,1.2110592,1.2232612,1.446503,1.4522538,1.6366177,1.6761603,1.4952701,1.513401,1.5801423,1.5394086,1.2557133,1.2832276,1.22213,1.1938798,1.2196612,1.2413456,1.055373,1.1107956,1.4760895,1.4813688,1.1439618,1.151523,0.9278414,0.9286345,1.0286014,1.0390924,0.9727584,0.9934366,0.9847131,0.9815937
1.3634996,1.3394539,1.3259526,1.3152654,1.4169068,1.4107721,1.389541,1.4053798,1.3320098,1.351103,1.3500324,1.3214303,1.5534407,1.5463413,1.2744762,1.2549485,1.5014944,1.5367978,1.3985213,1.4114558,1.2551088,1.2496278,1.2088735,1.1951088,1.3726462,1.3902577,1.5846983,1.6958672,1.5155333,1.496306,1.5007827,1.5352128,1.298112,1.2912812,1.1265813,1.1331556,1.1713384,1.1803795,1.1505578,1.1211337,1.4705292,1.4501375,1.0899371,1.0802641,0.88685775,0.9266294,1.0610436,1.0316535,1.0188576,0.9760299,0.9723479,0.96427065
1.2605681,1.2407607,1.2681044,1.2598042,1.3935455,1.3407016,1.1876864,1.2170122,1.2319355,1.1874236,1.2794695,1.2591488,1.4206244,1.444635,1.1068673,1.0291672,1.2585919,1.2716339,1.2879933,1.3636451,1.1879209,1.1623032,1.1172856,1.0926965,1.3027774,1.33799,1.6000782,1.6655015,1.4352819,1.4638137,1.4923756,1.5397619,1.1814421,1.1334258,1.1461737,1.1381247,1.1294864,1.1332779,0.9488773,0.9254324,1.4338727,1.4010767,1.0381477,1.0620481,0.9164875,0.928602,0.9693677,0.96207225,0.9237568,0.9087834,0.91086125,0.94880116
1.2297716,1.2261894,1.1488802,1.1695502,1.3203557,1.3132094,1.3613622,1.4085361,1.2231486,1.2430665,1.115113,1.2363732,1.2684743,1.363592,1.0634578,1.0155629,1.3285341,1.295349,1.1626642,1.2355436,1.0056678,1.0243179,0.92923707,0.9935358,1.0569786,1.2776556,1.3698672,1.4699959,1.2257483,1.3016732,1.236941,1.3153071,0.96158254,1.0230097,1.0813009,1.0906811,1.0329323,1.0473572,0.7667622,0.78970003,1.3259034,1.3112804,1.0260944,0.9839028,0.8583898,0.9113752,0.8294249,0.8262984,0.858166,0.8452117,0.8451649,0.8476101
1.1369947,1.1219387,1.1417799,1.1355995,1.1925114,1.1725024,1.0854574,1.0511007,1.041149,1.0312322,1.125271,1.1061587,1.2458521,1.215134,1.0062261,0.97190857,1.1324855,1.1279973,1.1123415,1.1569847,1.0686108,1.0391799,1.0231922,1.0041482,1.2275783,1.2434549,1.3145418,1.3706149,1.2583524,1.2337565,1.25874,1.2472197,0.9850033,0.97200674,1.0617772,1.0763218,1.1187989,1.1046777,1.0034405,1.0005809,1.4293147,1.4133581,1.1018885,1.1109068,0.8686733,0.9049309,0.87958264,0.83130354,0.86679757,0.76712716,0.8783509,0.8850792
1.3228656,1.3248256,1.3352833,1.324929,1.4224908,1.4037337,1.3521076,1.3722899,1.2789866,1.241096,1.4130011,1.3846784,1.6211957,1.5888873,1.2021139,1.1660079,1.4293715,1.4291556,1.449422,1.4858056,1.2408519,1.2385665,1.2442076,1.2360661,1.360362,1.3756526,1.6332401,1.7089113,1.539051,1.4666697,1.5374858,1.5103555,1.209994,1.1931909,1.2574463,1.241007,1.1762439,1.1820326,1.1165053,1.1061091,1.433404,1.4117355,1.023084,1.0341699,0.93337935,0.94643366,0.984342,0.96430933,0.92607486,0.9190541,0.92272747,0.914167
1.3568307,1.3387072,1.3009703,1.3095934,1.3953815,1.4253608,1.2271922,1.2405144,1.2114236,1.2399598,1.3127468,1.3216712,1.4726171,1.4635838,1.1930186,1.1441162,1.3459818,1.3748955,1.3962688,1.3815806,1.2262095,1.2277997,1.1839454,1.1548077,1.3375336,1.3490438,1.5575858,1.5218226,1.3774127,1.3545141,1.4114196,1.4334768,1.1926746,1.182583,1.1779196,1.1775229,1.1385316,1.140013,1.0797157,1.0836176,1.417402,1.4189616,1.0403471,1.0551323,0.9035149,0.93221897,0.92708933,0.89543456,0.8642277,0.8494648,0.94068736,0.9263244
1.2122768,1.2334431,1.2056565,1.2020524,1.3382301,1.2978363,1.1637216,1.2074983,1.2298051,1.2351233,1.3352207,1.314984,1.4722646,1.4623296,1.0767877,1.0709525,1.2883277,1.2820357,1.290269,1.2759218,1.1482209,1.1621431,1.0886937,1.0829602,1.3069001,1.3009479,1.5402884,1.5708841,1.3760741,1.3875551,1.388116,1.424423,1.1471076,1.1549345,1.118651,1.1168938,1.1540656,1.1559066,1.0385153,1.0072522,1.3265127,1.3561836,1.0350165,1.0650504,0.8962606,0.9238815,0.9202126,0.9098885,0.88958293,0.8958606,0.9100709,0.9397339
1.5690156,1.5266639,1.3774215,1.3776596,1.5971638,1.6092923,1.5421933,1.5069729,1.4510611,1.454468,1.5340575,1.5302896,1.7543895,1.7213106,1.3210789,1.2595624,1.6068484,1.6393216,1.5365707,1.5969187,1.3389388,1.3233902,1.2126869,1.2212939,1.4398719,1.4377362,1.6403004,1.7551924,1.534252,1.5373244,1.651207,1.660465,1.3225275,1.310941,1.3095081,1.3314725,1.1584123,1.1775589,1.1133468,1.123799,1.4191924,1.4358548,1.0829641,1.0894685,0.97472703,0.9606076,1.0287215,1.0244292,0.9334146,0.936433,0.96587676,0.97223836
1.4896214,1.5140907,1.3377377,1.414762,1.5890194,1.6337073,1.5069641,1.5379643,1.4735568,1.4949481,1.4085172,1.5116479,1.5975884,1.686397,1.3176413,1.3375127,1.5695688,1.6304246,1.3656204,1.4581909,1.22758,1.3461121,1.2619958,1.29361,1.5957431,1.6463785,1.9313143,1.9485948,1.6862712,1.6350899,1.7679158,1.7396795,1.3009156,1.4113415,1.2247537,1.2096763,1.2713974,1.2891811,1.2087352,1.2285645,1.7340609,1.7754946,1.2372824,1.2797205,0.9322757,0.93959445,0.9855501,1.0375229,0.98763067,1.0242782,0.9753841,1.0033883
1.2405167,1.2657852,1.2385446,1.2475493,1.3375597,1.4054743,1.3100607,1.2888352,1.2528735,1.2608367,1.2485479,1.2553145,1.4958662,1.4245765,1.0694892,1.0050266,1.4510006,1.4307169,1.2218418,1.2778552,1.1191417,1.1676738,1.0498706,1.0981097,1.2789865,1.2825772,1.5004367,1.5465726,1.3190919,1.2893168,1.3538476,1.3306062,1.0870842,1.1246083,1.1300217,1.1306744,1.110236,1.1236874,0.84734493,0.87976205,1.423754,1.3904752,1.1163485,1.1426828,0.8507079,0.9168772,0.79602367,0.83800274,0.8505729,0.891843,0.9155323,0.9147092
1.2130461,1.2375177,1.1526304,1.1863089,1.2408932,1.2955792,1.2669997,1.2922246,1.1148676,1.1874843,1.1597934,1.2242292,1.3714263,1.4096009,1.0837948,1.064976,1.311694,1.3595052,1.2010043,1.2041507,1.0824893,1.1194776,1.0758213,1.0875319,1.2227186,1.2763457,1.4755297,1.48746,1.3205737,1.2966534,1.3622487,1.3079327,1.0616459,1.0724071,1.0920155,1.105125,1.0184826,1.0201452,0.92374694,0.92608106,1.2728106,1.2904248,0.9782405,1.0009332,0.8355065,0.91450614,0.85674626,0.86933726,0.8389712,0.86089414,0.84540224,0.8544677
1.4590824,1.4879478,1.4257299,1.4384886,1.5126337,1.5666311,1.3802655,1.3635819,1.3384643,1.3886045,1.3036354,1.3707476,1.5762076,1.5981703,1.2242669,1.1787401,1.482322,1.4856321,1.4904244,1.5362468,1.285942,1.3158264,1.1786461,1.1917611,1.2988662,1.3403984,1.5348744,1.5502406,1.4178424,1.3863007,1.5295566,1.5457568,1.2715353,1.2665497,1.1825236,1.2265527,1.1129522,1.0792942,1.1897769,1.2322125,1.5027616,1.5564433,1.1043384,1.1514162,0.9182439,0.9358055,0.9132622,0.9240341,0.90625113,0.9511973,0.90081865,0.93501717
1.5217465,1.5463126,1.4241017,1.4493778,1.5722785,1.5985421,1.4035949,1.4555149,1.4105731,1.4156622,1.5101821,1.5003532,1.7149459,1.74308,1.3067942,1.2515861,1.5749613,1.6310606,1.5337977,1.6012574,1.3988215,1.4252257,1.2435452,1.2489717,1.3880821,1.4078922,1.7041237,1.730114,1.5050825,1.5084693,1.539386,1.6137022,1.354675,1.3097892,1.2177755,1.2445804,1.1718314,1.2112937,1.1807911,1.2040558,1.5026062,1.4685689,1.0733654,1.0879606,0.9131741,0.9508979,0.9834177,0.9908389,0.9869231,1.018745,0.9716332,0.99682724
1.318486,1.3188375,1.2865188,1.2559564,1.4836695,1.3982092,1.2712713,1.2607139,1.3055422,1.2547386,1.3752596,1.370385,1.5469502,1.5384263,1.204307,1.1609524,1.4035463,1.4281508,1.4123583,1.406548,1.2368399,1.160661,1.137612,1.113426,1.3873893,1.3378294,1.4160359,1.4534271,1.4140785,1.3775395,1.4475366,1.4578774,1.2495984,1.2208831,1.1569947,1.1150548,1.1638826,1.2076008,1.0946807,1.1423504,1.3911,1.4017582,1.0692219,1.0796521,0.91046876,0.945169,0.94926953,0.90915346,0.92093503,0.9102188,0.94982576,0.9504898
1.1800822,1.148235,1.1745342,1.1608795,1.2766453,1.2217841,1.1025454,1.1431255,1.0813726,1.0643802,1.1932476,1.1736467,1.3178673,1.3339387,1.0615035,1.0741988,1.2521163,1.2814503,1.2225459,1.2135932,1.1203761,1.0693785,0.9911034,0.99646205,1.1501663,1.1414958,1.231068,1.2841609,1.1568822,1.166848,1.2284526,1.2825096,1.0777587,1.0319134,1.0080639,0.9856599,1.0939835,1.0947526,1.0205286,1.0246962,1.3367138,1.3087703,1.0399514,1.0166014,0.8555989,0.91929966,0.8738439,0.8570317,0.8663749,0.8516723,0.89978695,0.8927998
1.2292217,1.193406,1.1766288,1.1882088,1.2277207,1.2531087,1.1645759,1.1365519,1.0732534,1.0943013,1.0140853,1.0714955,1.2814372,1.2462158,1.1427758,1.0468912,1.2213293,1.2466439,1.2339872,1.214957,1.0247635,1.0815921,1.0015962,1.0429682,1.0517896,1.142612,1.3320271,1.3452467,1.1745096,1.1357181,1.1979498,1.1943134,1.0891521,1.1419826,1.097648,1.1233392,1.128366,1.1390187,1.0451974,1.1126842,1.4869546,1.4721622,1.1693693,1.1639401,0.9812951,0.94270295,0.9236754,0.955669,0.91560096,0.91381913,0.9971813,1.0129976
1.2258255,1.2507936,1.1430082,1.1657311,1.2204823,1.2584641,1.2445717,1.2453539,1.056107,1.1482201,1.1080742,1.0985128,1.3192276,1.3092704,1.1643245,1.1532617,1.3232346,1.3480502,1.3225831,1.3432631,0.9924635,0.9868761,0.95600927,0.9784755,1.0825663,1.0581162,1.3707787,1.343929,1.2577282,1.2386086,1.2388694,1.2376716,1.0947781,1.1131771,1.0092992,1.0327287,1.2104597,1.1963315,1.1137798,1.1756928,1.3828603,1.4004939,1.0779287,1.1588644,0.8970238,0.9111401,0.859647,0.90228367,0.86002076,0.85876036,0.9336877,0.9073344
1.155006,1.1433989,1.0826384,1.1299978,1.2096102,1.179217,1.2539485,1.2418854,1.1394492,1.1434329,1.0881281,1.0405211,1.3530685,1.2800375,0.9720472,0.9610502,1.2471557,1.2297305,1.2153082,1.2494514,1.0050457,0.9633288,1.0152674,0.98388726,1.031822,0.9724453,1.3586588,1.3610318,1.2728868,1.2650396,1.3161756,1.2268794,1.0540646,1.060945,1.0654212,1.063251,1.0448524,1.0699073,0.81837595,0.87451893,1.3774583,1.408322,1.1069312,1.1618792,0.927057,0.9215526,0.8891242,0.8935521,0.88710415,0.8596354,0.9217693,0.9290369
1.50851,1.4881943,1.3834097,1.3458581,1.6731921,1.6079291,1.6019816,1.6259443,1.558849,1.516945,1.5403532,1.470561,1.7335459,1.6982235,1.2847263,1.269165,1.6759641,1.6764803,1.5500908,1.5394973,1.2177025,1.1585729,1.1262275,1.0633801,1.4027927,1.3955477,1.6108623,1.6392004,1.4587431,1.4616344,1.6789956,1.5908753,1.3009145,1.2369349,1.1938012,1.1665757,1.3193587,1.2742949,1.1776888,1.0903175,1.6389581,1.5162847,1.1943142,1.1868137,0.91653043,0.93706894,0.8955395,0.83970374,0.8354635,0.81231654,0.9701767,0.96340454
1.658359,1.7319999,1.533327,1.5705293,1.8929455,1.8661575,1.570422,1.5974513,1.7002162,1.6675179,1.6727061,1.7333218,1.7233304,1.7998972,1.2905263,1.3716174,1.5674205,1.6662021,1.4187659,1.602383,1.4710176,1.4061553,1.1688361,1.2047656,1.5444459,1.5767779,1.6502603,1.7721673,1.4753331,1.5157524,1.5330181,1.5938572,1.3059105,1.3159578,1.3814275,1.3525761,1.357881,1.3871026,1.2763262,1.3090414,1.903466,1.8782713,1.3510237,1.3659948,0.9368488,0.9061992,0.8603778,0.89533645,0.8257588,0.82571703,1.1147699,1.0739876
1.6604766,1.6195803,1.4273449,1.4214427,1.733384,1.6792438,1.5839796,1.5763135,1.5670575,1.4532921,1.6494489,1.6060443,1.7475415,1.7301623,1.4399521,1.3434494,1.7341186,1.7070618,1.4640467,1.4988961,1.3313627,1.3890709,1.2082505,1.1818782,1.4351195,1.4805135,1.7970376,1.9072471,1.4793837,1.4664204,1.6249884,1.6573254,1.4248514,1.3974247,1.2902459,1.2790896,1.4328288,1.4774804,1.3096647,1.3080889,1.707292,1.6556696,1.2526238,1.2205713,0.91800445,0.92190415,0.8906693,0.9862775,0.82865924,0.9477058,1.0546995,1.1063497
1.3814223,1.3297807,1.2657579,1.2716486,1.4096549,1.3555415,1.3413377,1.282034,1.235013,1.1899545,1.3444788,1.2253667,1.5894536,1.4806715,1.261971,1.2442663,1.4725617,1.4059787,1.4062707,1.3501567,1.1718885,1.1420307,1.1041727,1.0665234,1.3165681,1.2051228,1.588962,1.5884078,1.3767905,1.2857312,1.4538819,1.4277155,1.2153094,1.2168424,1.1662741,1.1799195,1.2612332,1.2452908,1.1780056,1.1809875,1.4421266,1.4244345,1.1092315,1.1319481,0.9293445,0.93031406,0.97943836,0.9683583,0.9475037,0.9428835,1.0398748,1.0420345
1.6960288,1.7132852,1.6626759,1.7055109,1.8738464,1.8645738,1.7138492,1.7605325,1.7009168,1.7343199,1.7370462,1.7816792,1.9138122,1.9083345,1.649029,1.5558265,1.7827178,1.8257898,1.4888006,1.622559,1.4533098,1.5290761,1.3981838,1.3382418,1.6106337,1.6355914,1.75424,1.8101597,1.6696224,1.6242915,1.7338852,1.7997359,1.5595542,1.6389753,1.4195831,1.394565,1.2816712,1.337098,1.3153329,1.2747912,1.7639769,1.7552389,1.2723136,1.3741872,1.0129602,0.96687585,1.1490307,1.0878525,1.0402163,1.0698111,0.9902218,0.9737574
1.1905242,1.1871998,1.1325704,1.1177745,1.2374294,1.2275627,1.3358424,1.342846,1.1498871,1.1725653,1.1981528,1.1485785,1.3826984,1.3690763,1.0288388,1.0325103,1.2923194,1.3182607,1.1239046,1.133021,1.0815935,1.0687342,1.0777032,1.0585684,1.2229903,1.1999586,1.467856,1.5695695,1.3733824,1.3569989,1.3680109,1.4028323,1.0680772,1.0433435,1.1746598,1.1824197,1.0987574,1.0643919,0.9245759,0.90148765,1.3862956,1.3643314,1.1360255,1.12779,0.87762356,0.92014724,0.85009634,0.81539553,0.9080014,0.8118434,0.93941534,0.9202026
1.1158972,1.1241187,1.1531818,1.1266482,1.1608106,1.1338356,1.1824329,1.1375012,1.0392891,0.9898132,1.0477074,0.99326974,1.2765591,1.2478322,1.0930861,1.070742,1.2604811,1.2695124,1.1790361,1.2332358,0.99653316,0.9903917,0.9959379,1.0085659,1.1022917,1.123695,1.3798816,1.4168684,1.2564274,1.2393684,1.2611659,1.1896684,1.0575372,1.0379064,0.992022,1.0022147,1.045541,1.0522914,0.91929823,0.93766946,1.4198803,1.3930758,1.1203454,1.1004615,0.8845659,0.92386174,0.874033,0.8652716,0.8807731,0.8724186,0.8855408,0.8807378
1.088449,1.0912024,1.1063385,1.1032944,1.1477319,1.144514,1.1199645,1.1144735,1.0656843,1.0523791,1.0746531,1.0701027,1.2495388,1.2706349,1.0137305,0.9865458,1.1765218,1.2172148,1.1399578,1.1663725,1.0280228,1.0180236,1.0121067,1.0112749,1.1010821,1.078017,1.342334,1.412493,1.2444117,1.2242006,1.2245946,1.3089881,1.0422981,1.0495167,1.1644633,1.1544131,1.0191915,1.0075222,0.8828663,0.87920076,1.2055596,1.1915351,0.94213426,0.93562156,0.83192873,0.9075401,0.8518503,0.84698564,0.9156298,0.89140874,0.8481057,0.8500933
1.1295923,1.1165842,1.1039253,1.0991027,1.1853226,1.1928024,1.1002861,1.1076272,1.0677024,1.0624832,1.0692923,1.0375291,1.226885,1.2119066,1.0625255,1.0421858,1.1960012,1.1901132,1.1448348,1.1460223,0.99061114,0.97032195,0.9960813,0.9143964,1.1678789,1.063601,1.4157019,1.5075344,1.29038,1.2663141,1.2378716,1.2969121,1.0453402,1.0534846,1.0856941,1.0442346,1.0866075,1.0749199,0.9785995,0.9474158,1.301361,1.273016,1.0790472,1.1017957,0.8767292,0.9116429,0.8801637,0.82606125,0.8501484,0.8156004,0.880271,0.8931004
1.1117619,1.1360059,1.175679,1.18696,1.208251,1.2564542,1.1217936,1.1582152,1.1617259,1.2510164,1.1257856,1.1521513,1.3185296,1.308313,1.018915,0.95582026,1.2145133,1.2655296,1.1798263,1.1571285,1.0280929,1.0666463,1.0209146,1.0177487,1.2102306,1.2158574,1.4151077,1.4920347,1.3105034,1.3322436,1.3070796,1.3295362,1.0454392,1.0939876,1.099071,1.0797611,1.1494964,1.1610315,0.9245416,0.9121968,1.4486301,1.4276656,1.1427315,1.1755443,0.91905916,0.9257727,0.9051365,0.85971206,0.87002,0.8294026,0.98009473,0.9774729
1.1983497,1.2072008,1.1851525,1.2343448,1.2935882,1.2770334,1.2005063,1.1572807,1.1751618,1.1457726,1.1609223,1.1565638,1.3349875,1.3614388,1.1067225,1.113298,1.2296706,1.2551727,1.303838,1.2847041,1.1036277,1.0922624,1.0578889,1.0719767,1.1448423,1.1302311,1.3666041,1.4715797,1.2459857,1.2710606,1.2468797,1.3575877,1.1639307,1.1204544,1.0589181,1.0719438,1.1088812,1.1160704,1.0667636,1.0745312,1.450017,1.4631752,1.1484445,1.1511649,0.9182276,0.9255865,0.93110764,0.91401345,0.94257027,0.94088334,0.9793078,0.9780181
1.5057688,1.5004315,1.3880566,1.3502759,1.5757385,1.6003678,1.3440077,1.3643662,1.281341,1.2991494,1.4160354,1.3699777,1.6446241,1.6140531,1.3598738,1.319791,1.5841893,1.6069311,1.550564,1.566733,1.2713057,1.2837317,1.2302693,1.2389917,1.3762813,1.3555101,1.5228187,1.7172472,1.4942409,1.5280071,1.5631963,1.6255468,1.262367,1.2498235,1.30193,1.3124235,1.2803222,1.2607301,1.1806746,1.1752161,1.6084939,1.5613376,1.2175779,1.2118607,0.92909527,0.9290136,0.9775316,0.93177414,0.94297,0.9116564,1.0035717,1.0020632
1.3495119,1.3828821,1.4671918,1.4500722,1.4880853,1.486205,1.2067428,1.2151198,1.292473,1.2796648,1.3670186,1.3381474,1.5205865,1.587101,1.2559086,1.1645691,1.2917932,1.3410902,1.4486104,1.5320014,1.3078853,1.2679065,1.3219147,1.2780477,1.3739352,1.3818448,1.7543688,1.9417397,1.6191561,1.6593287,1.4806222,1.6491804,1.2893176,1.3216753,1.212774,1.2023355,1.2165912,1.2813683,1.1214135,1.1384419,1.6249746,1.6187574,1.2644421,1.2819769,0.9176784,0.9491144,1.1085844,1.1000725,1.04431,1.0382093,0.97623056,0.97880554
1.1704552,1.2018858,1.1896673,1.1974866,1.2125539,1.2548863,1.2157232,1.2206957,1.0788363,1.1543529,1.1588423,1.1722952,1.3998035,1.3772124,1.0645379,1.0591433,1.2399733,1.2705387,1.1913382,1.2374295,1.028735,1.061855,1.045036,1.0387691,1.1559188,1.1637771,1.5263586,1.6026156,1.2975973,1.2950485,1.2835932,1.2947044,1.1093225,1.1569252,1.1096233,1.100725,1.0602958,1.1109152,0.9912862,1.0323797,1.3827207,1.400968,1.0905824,1.1141244,0.87006855,0.9107915,0.89467824,0.91384727,0.90052074,0.92852545,0.86050856,0.8631242
1.4480454,1.49807,1.4165027,1.4551687,1.484176,1.4938889,1.3847098,1.3597192,1.2912971,1.3004675,1.3691592,1.3689804,1.6665171,1.6501861,1.4498321,1.388037,1.5035493,1.4938015,1.4457405,1.5196556,1.2600604,1.2444396,1.2361243,1.2329355,1.2754482,1.307227,1.7995924,1.9056656,1.621489,1.6066843,1.5786166,1.5325761,1.3346436,1.3838428,1.1127157,1.1042942,1.3272532,1.4009182,1.2598795,1.3004897,1.6992061,1.7488387,1.2506946,1.3205976,0.94840246,0.943524,1.0484933,1.0758228,0.9811842,1.0018268,1.0469579,1.074934
1.149916,1.1172879,1.1616546,1.1641508,1.2063969,1.184948,1.1239177,1.0788721,1.1141185,1.055902,1.0764499,1.0840995,1.2496762,1.2235914,1.1085775,1.0015615,1.1453156,1.1405509,1.186241,1.2095068,1.082621,1.0655934,1.1091204,1.1190485,1.0867954,1.1889975,1.4087551,1.5638102,1.326113,1.3804059,1.3507645,1.348326,1.120156,1.0525771,1.0362635,1.0223609,1.0675328,1.0513269,0.9425618,0.9108741,1.3361452,1.3216908,1.0680052,1.0561655,0.84127885,0.91608906,0.90872777,0.95353985,0.8947911,0.9292367,0.8958118,0.91191757
1.2707386,1.2652482,1.2699715,1.2782816,1.3053944,1.3072916,1.2301431,1.2131286,1.1471329,1.1772287,1.2037386,1.216953,1.351349,1.3440051,1.1463703,1.1308376,1.3081588,1.3212035,1.2387034,1.232462,1.1574908,1.172461,1.1706543,1.1858851,1.2772939,1.2955501,1.4047018,1.5287042,1.3628505,1.3864123,1.3543922,1.4443113,1.1578065,1.1567018,1.1489673,1.1479652,1.1615481,1.1703206,0.9666454,0.9675968,1.4515378,1.4470118,1.1022497,1.1121174,0.93102753,0.9376835,0.9975488,0.98891854,0.9365283,0.939609,0.9457176,0.959662
1.29883,1.3306209,1.3184433,1.3311813,1.329313,1.4308615,1.2490553,1.2823654,1.1691028,1.255234,1.2824976,1.3418695,1.5646484,1.5628062,1.1964965,1.1776503,1.426071,1.5234637,1.4154961,1.4624174,1.1510224,1.24664,1.0835693,1.1155788,1.2262762,1.2704515,1.4239621,1.5343834,1.3332204,1.3851777,1.3620175,1.4137851,1.2067008,1.2976592,1.1503403,1.1697571,1.1738857,1.1983358,1.2025421,1.2267324,1.5171565,1.5470799,1.0873135,1.1289256,0.91378695,0.93186826,0.9574188,0.9865936,0.9120657,0.9087055,0.9631981,0.9476353
1.1814798,1.1926968,1.1861372,1.1830041,1.2954676,1.2524332,1.1091365,1.0914735,1.1674424,1.1348176,1.2050381,1.1466137,1.347532,1.3534957,1.1211884,1.0814736,1.1811762,1.1975007,1.1641122,1.1509159,1.0979099,1.0583907,1.0793718,1.0531241,1.1097358,1.0764418,1.4372123,1.5356197,1.3468605,1.3280864,1.2616835,1.2826475,1.1992064,1.1703051,1.1241946,1.100269,1.0480614,1.1059533,0.8990717,0.92216617,1.418474,1.3807077,1.061239,1.0485224,0.8677531,0.9247621,0.90699446,0.92750865,0.9138863,0.89491886,0.8615783,0.86887676
1.4857183,1.4659176,1.3398404,1.3406115,1.5362346,1.5096676,1.5465723,1.5547493,1.4090087,1.453391,1.4618022,1.456102,1.66056,1.6213868,1.3362013,1.3244061,1.5594949,1.610757,1.3854457,1.4622542,1.1988881,1.1787006,1.1461765,1.1504712,1.285598,1.3033996,1.5625514,1.5806768,1.392487,1.4476111,1.4693636,1.5015239,1.2389386,1.2661785,1.2311571,1.2125639,1.1188422,1.170602,0.9281746,0.99245876,1.4811898,1.5122615,1.0764239,1.108127,0.89724964,0.9273605,0.9628293,0.9764046,0.889664,0.9259991,0.93558216,0.9581715
1.4325516,1.4233606,1.3798715,1.3744838,1.4816307,1.4648558,1.3425184,1.3210433,1.3155888,1.3058197,1.4031227,1.3594413,1.5881063,1.5446563,1.1833555,1.1476861,1.4366134,1.4643264,1.5110298,1.5281761,1.2758168,1.2688557,1.2179458,1.1675788,1.4468986,1.3743035,1.7238135,1.6089216,1.532405,1.4594744,1.5146034,1.5070232,1.2493873,1.234435,1.1209284,1.116621,1.2212504,1.2020131,1.1320083,1.1194123,1.4786557,1.4799702,1.0828805,1.1148249,0.92200536,0.92972124,0.96387255,0.9430468,0.8932702,0.9021846,0.96586233,0.9601834
1.3101217,1.3038403,1.286224,1.272894,1.3737401,1.3596948,1.2881144,1.2729564,1.2182349,1.1924242,1.3211756,1.3163334,1.5082549,1.5044587,1.1686912,1.1422434,1.4318379,1.4568837,1.3795971,1.4022843,1.2034973,1.1993192,1.1561517,1.1432552,1.3950341,1.3667681,1.6173736,1.7036731,1.4750048,1.4431146,1.4449285,1.4693003,1.1806883,1.1938293,1.1690224,1.138693,1.2289343,1.2532687,1.1769824,1.1620852,1.4626532,1.4925779,1.1327587,1.1201156,0.90167683,0.9258459,1.0200557,0.9987065,0.94957334,0.93315995,0.97667956,0.96914774
1.3604827,1.3446344,1.357239,1.3566172,1.4085069,1.3814,1.2526945,1.2469348,1.2788968,1.2471231,1.3392107,1.3173944,1.5403966,1.5315422,1.290004,1.2807935,1.4808843,1.4628416,1.4455124,1.5057847,1.2523286,1.2303504,1.2023315,1.2173759,1.2849004,1.2974805,1.5382451,1.6007755,1.4448926,1.418562,1.5207195,1.4732367,1.2278159,1.2293103,1.1536285,1.1408958,1.1487137,1.1375631,1.1465305,1.142393,1.3763753,1.3669013,1.0111371,1.0167131,0.9000219,0.9406911,1.0175266,1.0001674,0.95079726,0.9445831,0.9492665,0.92780143
1.3094052,1.3187622,1.2209762,1.2341324,1.3328604,1.3231137,1.4151762,1.3176049,1.2062894,1.224921,1.2694124,1.254099,1.516014,1.5062237,1.1887027,1.1634912,1.4376985,1.3746932,1.3893025,1.3963273,1.1323011,1.1141518,1.1191175,1.0780181,1.2691715,1.280113,1.6585747,1.797657,1.451394,1.4439017,1.3744965,1.504465,1.17835,1.1612953,1.1297994,1.1034545,1.2643471,1.2807896,1.149543,1.1351969,1.4356203,1.4363213,1.1276675,1.1192174,0.9118455,0.92056185,0.96521264,0.9451352,0.88662857,0.8781812,1.0154228,1.0026371
1.3471973,1.3563164,1.3121891,1.3220367,1.4004809,1.3773214,1.3385109,1.3655668,1.2904954,1.2438623,1.3685085,1.2919958,1.5552958,1.548991,1.2668804,1.2202623,1.4314128,1.4520726,1.4126204,1.4115078,1.1979278,1.1349156,1.1290956,1.1167088,1.4218591,1.3563485,1.9039884,1.98274,1.5942262,1.5277148,1.6308085,1.6747295,1.2202809,1.198839,1.1835591,1.1580168,1.2058529,1.2177022,1.045384,1.032636,1.5183139,1.4930531,1.1338094,1.1292118,0.9201073,0.9312696,0.97470933,0.9512797,0.9011084,0.9243502,1.0028856,1.0138878
1.209215,1.189201,1.1620592,1.1647638,1.3247228,1.2534958,1.1952764,1.2157791,1.1546836,1.1309066,1.2296956,1.2099357,1.3834296,1.3599752,1.0608573,1.0394121,1.2565405,1.314973,1.2534977,1.3167126,1.1390781,1.1121473,1.0635217,1.0355419,1.2807688,1.2723767,1.2887225,1.3820668,1.2635012,1.2658067,1.310533,1.3280419,1.1223717,1.0725595,1.0549684,1.0600139,1.0670841,1.084707,1.0828661,1.0830841,1.3772532,1.3531502,0.9953192,0.9983018,0.86722904,0.91025156,0.85036165,0.851327,0.83844376,0.83429015,0.8672935,0.86266613
1.2934988,1.285867,1.3108016,1.314462,1.3467768,1.3290824,1.3194978,1.2481207,1.207928,1.1510063,1.2677593,1.2377137,1.5304896,1.4274521,1.1988977,1.1086847,1.3728799,1.3497214,1.3141694,1.2990704,1.1854501,1.1615415,1.1551516,1.1107466,1.381141,1.3929328,1.5675577,1.6513127,1.4559305,1.4379257,1.489587,1.5186659,1.2210397,1.2170054,1.0514034,1.0346138,1.1142787,1.1161441,1.0483353,1.000531,1.5740858,1.530894,1.0950699,1.0781659,0.84078026,0.9000144,0.93819004,0.9180119,0.92246443,0.89574397,0.8820916,0.88499475
1.2885494,1.3530923,1.323391,1.408824,1.3775504,1.4264386,1.2387948,1.2475246,1.2080888,1.2035367,1.3346176,1.2629498,1.5312543,1.5118878,1.0812888,1.0782661,1.3824278,1.4282222,1.3583165,1.382868,1.1188086,1.1225961,1.1169949,1.1080319,1.4214003,1.3571812,1.9616915,2.0060446,1.6004058,1.6123732,1.7259135,1.6757088,1.1887347,1.2153795,1.1753681,1.1525224,1.1608548,1.1896164,0.9850768,1.0113264,1.5530218,1.5788931,1.123665,1.1438409,0.85934585,0.90764934,0.8880155,0.8947895,0.8808176,0.91139543,0.91238886,0.9401835
1.3197924,1.3415273,1.2374265,1.2175549,1.408316,1.414453,1.252883,1.285176,1.3052163,1.2705544,1.3699393,1.341773,1.5433757,1.5167923,1.1844387,1.163109,1.3858463,1.4357432,1.3198516,1.3161079,1.1940129,1.1766515,1.1324643,1.1217804,1.3965102,1.3886178,1.7703424,1.7728829,1.4832524,1.4832581,1.5622748,1.501089,1.2126397,1.2072986,1.238752,1.235307,1.2187175,1.2219088,1.1246182,1.1281614,1.4647963,1.4769524,1.0918534,1.1085327,0.9590331,0.9463618,0.9534815,0.9390603,0.9319606,0.91003263,0.9558267,0.93748885
1.3541363,1.3701613,1.3280052,1.3314469,1.4346966,1.4353969,1.3217458,1.3163403,1.2914239,1.269563,1.415357,1.3500038,1.5159723,1.5340035,1.2698381,1.1980113,1.3876251,1.376769,1.348682,1.3889631,1.2977037,1.2304376,1.2588208,1.2115355,1.5154194,1.4584705,1.6794362,1.7196587,1.5533403,1.530106,1.5656685,1.5603954,1.2800512,1.2736452,1.2296196,1.1808465,1.1536205,1.1584989,1.1103632,1.0826441,1.5421693,1.5221161,1.1167961,1.1343358,0.95857525,0.9458322,1.0529971,1.0315065,0.98176235,0.9499015,0.962903,0.9829196
1.4377877,1.4559118,1.304884,1.3194281,1.5015659,1.530602,1.2617425,1.2927735,1.3270053,1.3574759,1.3787453,1.3482232,1.4968787,1.4886931,1.2343171,1.2563822,1.4507285,1.4748396,1.4072715,1.4244735,1.2754834,1.2757218,1.195279,1.165355,1.4719601,1.4223064,1.721887,1.8643515,1.5060711,1.5033115,1.4810873,1.508702,1.2861352,1.3034565,1.2105529,1.1938037,1.2744215,1.2953103,1.271704,1.2843016,1.5365231,1.5673982,1.073964,1.1089282,0.9649162,0.9439987,1.0078375,0.98471296,0.9863071,0.99869037,0.9837728,1.0168475
1.3558928,1.3211083,1.2633538,1.2535954,1.4689574,1.458314,1.3620615,1.3626872,1.3737988,1.3754777,1.3112816,1.2954721,1.5061398,1.4809543,1.2039855,1.1737548,1.3886606,1.4033029,1.3598887,1.3917841,1.1470399,1.1470816,1.1457782,1.1617202,1.3686641,1.3789123,1.787424,1.8098089,1.4911808,1.4559331,1.5241045,1.467883,1.2132844,1.1981428,1.1672499,1.1597412,1.2608382,1.270944,1.057954,1.0582895,1.5171266,1.5204712,1.1056637,1.1416684,0.96515954,0.93006504,0.98916024,0.9606243,0.9392396,0.95866954,1.0371445,1.030452
1.3278887,1.2783854,1.1916876,1.2154845,1.378744,1.375889,1.2855455,1.290469,1.2145244,1.2307286,1.2772926,1.2408817,1.4908222,1.4514602,1.2005738,1.1296158,1.3569187,1.3449292,1.3915817,1.3502357,1.1404414,1.1378632,1.1135892,1.1276505,1.4015409,1.3434731,1.9798913,1.9653314,1.6406181,1.6266644,1.48781,1.5462604,1.1359197,1.1505466,1.1599323,1.189509,1.2382412,1.2794391,1.0181485,0.98013353,1.4158702,1.4252188,1.1037548,1.084809,0.9008419,0.90396774,0.93873733,0.9738937,0.85035586,0.88322645,0.97514135,1.0003102
1.4822949,1.4886417,1.3718818,1.3982308,1.5175052,1.5545822,1.3307867,1.3288835,1.34917,1.3969406,1.3486276,1.3762735,1.5490773,1.5507889,1.3880025,1.3691438,1.5339568,1.5263141,1.3822194,1.4595319,1.2873033,1.3363245,1.2699723,1.265121,1.365667,1.3725686,1.8094089,1.8511217,1.6477768,1.6661326,1.6327997,1.5671228,1.3749889,1.3827527,1.25674,1.2089059,1.2086957,1.2429017,1.3127837,1.3149973,1.5499798,1.5817444,1.1975131,1.1982673,0.9230319,0.95190233,1.116339,1.11358,1.0631416,1.1045982,0.994349,0.9864008
1.41322,1.4204462,1.378692,1.3893588,1.4429516,1.4919404,1.3912443,1.4244305,1.2991984,1.3389823,1.4908714,1.4596856,1.6824551,1.6823167,1.2775185,1.247286,1.5332458,1.5674292,1.530146,1.4924443,1.3020177,1.306685,1.2242622,1.2411802,1.390254,1.4158405,1.6440619,1.7233281,1.6113083,1.579404,1.6632698,1.7505437,1.2378774,1.2530518,1.3449389,1.343359,1.2756426,1.2793124,1.1073462,1.106273,1.5780464,1.5390168,1.1361959,1.14036,0.91566145,0.9309968,1.0249531,1.0033917,0.95934594,1.0072707,0.9821647,0.9670446
1.2467033,1.2488743,1.1950535,1.1910322,1.323376,1.3173105,1.2641929,1.2967912,1.2864097,1.2537363,1.29926,1.3027401,1.522873,1.5045158,1.0617341,1.037945,1.371272,1.4336642,1.2372686,1.3119227,1.1182423,1.1102993,1.0737841,1.0564961,1.392796,1.3636645,1.8247304,1.8103874,1.4918818,1.4847924,1.5556734,1.4827818,1.0893714,1.1051915,1.1314497,1.1370366,1.114852,1.115086,0.97554654,0.99980253,1.4248439,1.438097,1.0311061,1.0137019,0.86657745,0.92069924,0.8448233,0.8227529,0.8199197,0.81225926,0.86526275,0.8394258
1.3452648,1.3567853,1.3244514,1.3496175,1.4210192,1.4750049,1.3685067,1.3656694,1.2482455,1.303221,1.4131452,1.4010173,1.6547279,1.6317822,1.2418649,1.1960932,1.4381149,1.4740133,1.4407191,1.4690967,1.2322199,1.2506577,1.2223704,1.2488528,1.4203461,1.4863566,1.7112584,1.8926125,1.5609678,1.570431,1.6684159,1.6836827,1.1908119,1.2118151,1.2577109,1.2622993,1.3066137,1.3061668,1.117662,1.1202984,1.6303985,1.6234106,1.2108251,1.203001,0.94341946,0.9510235,0.9837293,0.9862323,0.9588847,0.9341208,0.9622544,0.9920519
1.2625226,1.2805743,1.2986766,1.294869,1.4338253,1.3939102,1.2912755,1.270487,1.2958878,1.2696286,1.3282453,1.2845688,1.5888469,1.5803394,1.2468357,1.2275959,1.4383725,1.4016919,1.4974656,1.455772,1.2613075,1.2179087,1.2164855,1.2158929,1.257926,1.2432175,1.6097196,1.6343787,1.4291751,1.4109346,1.4807299,1.5018449,1.3301126,1.2981688,1.085663,1.0874858,1.2373307,1.2319915,1.0276506,1.009086,1.5323666,1.4947791,1.2222183,1.2011433,0.94536364,0.941131,1.0369724,1.0037813,1.0271096,1.0120993,1.0449951,1.0255908
1.0996633,1.143108,1.1109244,1.1406857,1.2013136,1.2177835,1.2905097,1.3671961,1.2127762,1.1929338,1.2193769,1.2177467,1.5411067,1.5620081,0.96556413,1.0080259,1.3936818,1.4834452,1.1852161,1.3070197,1.0744238,1.053467,1.0881693,1.1044227,1.2380583,1.2429557,1.5083243,1.6412078,1.3726505,1.3834891,1.360706,1.4469929,1.1147635,1.026398,1.0190902,0.9985914,1.0243579,1.0622454,0.71624243,0.79307556,1.3196068,1.3723612,1.1084702,1.1975118,0.8197313,0.88919103,0.93601143,0.93136525,0.87777686,0.9124471,0.88792807,0.9239764
1.2492145,1.2747276,1.2250631,1.2267973,1.3269067,1.3756894,1.2810984,1.2758538,1.21923,1.2364155,1.2718406,1.2868718,1.5457028,1.5500757,1.1014422,1.0774393,1.3853291,1.415198,1.2667922,1.3398658,1.1463839,1.1793312,1.1386485,1.1849145,1.3202151,1.3815917,1.691345,1.7553159,1.4365003,1.4696695,1.417023,1.4579542,1.1718264,1.1957989,1.0925472,1.0834601,1.1699004,1.2092127,0.9569775,0.9993072,1.4469821,1.4500228,1.0852365,1.0653448,0.8337668,0.9065031,0.9289679,0.9196866,0.8983613,0.8909029,0.92660075,0.89317966
1.3916229,1.3898408,1.3000605,1.3186047,1.4019129,1.4771203,1.4039092,1.3830339,1.2164502,1.2943662,1.2988094,1.322265,1.5664105,1.5281851,1.2975948,1.2167345,1.5267975,1.5873648,1.450791,1.4456433,1.1521717,1.2133192,1.1626626,1.1738904,1.365084,1.3187469,1.6771852,1.7888464,1.5258257,1.5707651,1.5306079,1.5138729,1.2207463,1.2812669,1.0518304,1.0772425,1.2252008,1.2320554,1.2437122,1.232242,1.5475541,1.5879648,1.0714792,1.1196402,0.8901517,0.9357391,1.0021143,1.0120071,0.94290483,0.9634371,0.92796975,0.9214846
1.2372931,1.2245516,1.1925215,1.2049938,1.2731707,1.2462634,1.2131016,1.2112682,1.1270341,1.14446,1.1243119,1.1071032,1.234174,1.271571,1.2227002,1.1801326,1.2636513,1.2655646,1.1918908,1.1892883,1.1620783,1.1382585,1.1385832,1.1064223,1.2064459,1.2043687,1.4872689,1.5874406,1.3648092,1.3293408,1.3339144,1.3630147,1.2056812,1.1919318,1.1812112,1.1691903,1.1156962,1.1478251,1.1182181,1.111903,1.3504888,1.3298293,1.0840391,1.0771536,0.97418416,0.9714902,1.0735613,1.053134,1.1008323,1.0618644,0.99554616,0.9938105
1.5806093,1.5719475,1.4532824,1.4456576,1.624054,1.6358685,1.5840144,1.556853,1.3840947,1.3932011,1.4564737,1.4194576,1.660824,1.632126,1.371205,1.3531765,1.611241,1.6756262,1.529756,1.5854979,1.3635682,1.3415117,1.277015,1.2667958,1.4132032,1.3851662,1.899151,1.9986354,1.6698403,1.6774968,1.6657434,1.555827,1.3644825,1.3389446,1.2447429,1.2305108,1.3180692,1.3063062,1.3163136,1.308906,1.7289329,1.7154434,1.1690017,1.1872742,0.91543186,0.93343407,1.029843,0.9777165,0.9922521,1.00118,0.9958891,0.98431855
1.4303693,1.4349002,1.3368752,1.3521202,1.4655899,1.4694521,1.4045507,1.3538009,1.2522657,1.2596676,1.305305,1.2975937,1.5633222,1.5449837,1.2832916,1.2094107,1.4250894,1.399649,1.413659,1.4205215,1.2231225,1.2071418,1.200779,1.1774707,1.4135901,1.3564328,1.7556032,1.8564538,1.6037185,1.476329,1.4800088,1.5712607,1.2232765,1.2229763,1.1894329,1.1938095,1.2770972,1.2687553,1.2338223,1.2348675,1.5072036,1.4584873,1.0342771,1.0515891,0.8681847,0.9338407,1.0038694,0.9927902,1.0013965,0.9662302,0.91827655,0.9199312
1.4121196,1.4026678,1.3154479,1.3090109,1.4681674,1.4425628,1.326327,1.326229,1.2528375,1.2779411,1.344183,1.3248026,1.5531843,1.5271337,1.1884844,1.1467679,1.4055086,1.4490907,1.4035448,1.4770665,1.2218738,1.2026476,1.2022485,1.190321,1.3990858,1.4161464,1.5484154,1.6561079,1.4424636,1.4461874,1.4528253,1.4682322,1.1776081,1.1502694,1.2055045,1.1735189,1.1476356,1.1699307,1.1326,1.1381456,1.5159776,1.4921635,1.0358183,1.0428454,0.9122038,0.93053615,0.953173,0.9530543,0.9036751,0.9027581,0.9298461,0.9145068
1.2288148,1.2250531,1.1804686,1.177513,1.3120147,1.3079002,1.190023,1.221445,1.1726223,1.1823767,1.283883,1.2959045,1.4414587,1.445545,1.0834045,1.043463,1.3182671,1.3771232,1.3314121,1.4074975,1.1476133,1.1563542,1.0988201,1.1123968,1.2870376,1.2886868,1.4620309,1.5610898,1.3547977,1.3445755,1.4042127,1.4399915,1.1415721,1.1340159,1.0819396,1.067303,1.1409421,1.1547811,1.0802006,1.0790101,1.3149011,1.3230933,0.97539955,0.9828293,0.8835508,0.9158125,0.92012256,0.9137049,0.8614722,0.82602614,0.9233438,0.9126128
1.3933705,1.3616012,1.2931018,1.3016517,1.3972373,1.399762,1.4017994,1.4540675,1.2568287,1.2412293,1.363142,1.3968474,1.5833012,1.5642344,1.1327882,1.0989677,1.3865087,1.4718189,1.3945153,1.3912528,1.1996988,1.211932,1.1716208,1.1523541,1.3352207,1.324737,1.4427208,1.5390891,1.3843791,1.3786476,1.4475714,1.4524443,1.167804,1.1610245,1.1350251,1.147106,1.1037693,1.1180282,0.9821249,0.9808784,1.5142841,1.4737244,1.1090697,1.1045892,0.85588115,0.92259854,0.99182963,0.98291606,0.9791604,0.98747146,0.87039715,0.8604564
1.4148065,1.4305695,1.3251611,1.3193494,1.474867,1.4907691,1.4763479,1.4065961,1.3409667,1.3768508,1.4007632,1.3862414,1.6428282,1.628002,1.2445602,1.1731192,1.4994425,1.5063101,1.5347397,1.5428073,1.266735,1.265654,1.2157842,1.2053169,1.3337208,1.3051455,1.5651758,1.625359,1.4175398,1.3634086,1.4746891,1.5071265,1.2266402,1.1890392,1.2703501,1.2373967,1.2612436,1.2798318,1.1711807,1.1835276,1.5773867,1.5875032,1.1239712,1.1409266,0.95833755,0.9496427,0.9926911,1.0195112,0.966398,0.9812041,0.96933997,0.95406324
1.2322226,1.2043071,1.2419908,1.2242992,1.3304166,1.3612716,1.1706152,1.1474035,1.203003,1.2709811,1.2712061,1.309178,1.4786626,1.4821479,1.0064267,0.99801123,1.3627928,1.403723,1.4278792,1.435808,1.1528722,1.1917082,1.1342847,1.1608956,1.3592756,1.3886193,1.5747113,1.6643326,1.4466586,1.4481584,1.5092279,1.5137666,1.1444911,1.1713401,1.1688942,1.1580353,1.1477953,1.1847881,1.0246818,1.0239775,1.477425,1.4585786,1.0712018,1.0551958,0.9083327,0.93863624,0.92776823,0.95294327,0.94526976,0.9578325,0.9286646,0.94200796
1.7815772,1.7266041,1.5680332,1.5713514,1.8235853,1.8494998,1.6692426,1.6604472,1.5934523,1.5757543,1.7249905,1.7268983,2.0018766,1.9688692,1.577798,1.4655356,1.8061099,1.8299382,1.825049,1.8277938,1.4902599,1.4548825,1.3699205,1.3605033,1.5838965,1.6068497,2.001004,2.001393,1.7478455,1.682888,1.7711909,1.7697642,1.4813161,1.5073775,1.2488331,1.2332292,1.3793523,1.3698996,1.5357522,1.4800216,1.7953784,1.7684021,1.2095184,1.2118455,0.9367443,0.9554449,1.1490189,1.1578075,1.053307,1.0385303,1.063108,1.06616
1.3710412,1.3594992,1.2760915,1.2767658,1.4066403,1.383894,1.3738428,1.3359207,1.280565,1.2565384,1.3411163,1.3215302,1.4849885,1.4857658,1.1945767,1.169434,1.4102405,1.4106576,1.3364602,1.3915839,1.1873422,1.1864837,1.1504161,1.1650057,1.3692734,1.3637158,1.634849,1.6317871,1.4311315,1.3293736,1.3903917,1.3082027,1.2080424,1.1989812,1.215676,1.1983438,1.1949424,1.1978192,1.1980938,1.1674145,1.6032554,1.5760162,1.0658894,1.0847521,0.88509685,0.9424576,1.0228275,1.0312787,0.98655003,0.97398776,0.88093835,0.87983274
1.3464842,1.3166312,1.2777214,1.2719847,1.4315262,1.4055408,1.2806445,1.2857479,1.2441224,1.2228832,1.3158131,1.2877011,1.4808279,1.463379,1.108418,1.0917057,1.3244709,1.3710363,1.3463914,1.3780785,1.183728,1.1583561,1.1371623,1.1496994,1.3512064,1.3027157,1.4959092,1.5546602,1.3762287,1.32211,1.4176431,1.3881598,1.1724619,1.1235595,1.082439,1.069323,1.1211017,1.1466289,1.0017132,1.0371445,1.5192984,1.4960729,1.1111925,1.125148,0.8915927,0.9120984,0.9242325,0.92042106,0.905004,0.9129947,0.8998945,0.9042088
1.4755559,1.4577491,1.3802142,1.3459858,1.5822009,1.5634812,1.370071,1.350699,1.3585478,1.3525946,1.5440389,1.4920048,1.7016518,1.680692,1.2934806,1.2492692,1.6097429,1.6148823,1.6373024,1.6269495,1.2662716,1.266902,1.2012526,1.2187366,1.4013128,1.3890836,1.9175757,2.0185678,1.4912635,1.4599048,1.6068021,1.596891,1.3297985,1.2974497,1.1471123,1.1325955,1.2646171,1.2668049,1.270936,1.1545305,1.5694363,1.5016133,0.9464195,0.92887205,0.8854426,0.93688893,1.0218056,1.0112343,0.9550065,0.93453413,0.8930604,0.90411305
1.246467,1.2555195,1.2061336,1.2140371,1.3610193,1.3913759,1.1090746,1.1202755,1.1797054,1.237854,1.2960539,1.3266802,1.3447255,1.3641701,1.0888276,1.0614681,1.1971682,1.2364647,1.2368509,1.2526364,1.1656189,1.1850958,1.092531,1.1097457,1.3052053,1.3234764,1.511195,1.5150627,1.3004013,1.3230592,1.3697388,1.407869,1.1711367,1.1992418,1.1135758,1.0954995,1.1209246,1.1338856,1.188546,1.1837248,1.4658803,1.4755605,0.9653937,1.000342,0.8173997,0.91364634,0.96028346,0.9413728,0.9320118,0.9012448,0.8680148,0.8642039
1.2686117,1.2913736,1.2129422,1.2631726,1.3474562,1.3463854,1.2002972,1.1867357,1.2396219,1.2624596,1.2488543,1.2684858,1.3499097,1.3703488,1.1618074,1.0430174,1.2523636,1.2700865,1.2919655,1.3309555,1.1644433,1.1573671,1.0932752,1.0960838,1.2938391,1.2680914,1.6900477,1.76085,1.4027959,1.3848207,1.4086273,1.453479,1.1241841,1.1328028,1.1168716,1.10184,1.2115574,1.2200518,1.0613705,1.0611234,1.5408746,1.5342994,1.0520982,1.0732889,0.8308419,0.9123306,0.97282624,0.96990377,0.8925516,0.9013096,0.91287553,0.9093374
1.3817859,1.390809,1.2616018,1.2488056,1.4437367,1.4243606,1.3518146,1.3380251,1.2719914,1.2903793,1.3281919,1.3292595,1.4600624,1.4902899,1.2309382,1.1337767,1.4085231,1.4466807,1.4089437,1.4268299,1.2099705,1.1928571,1.1768953,1.1688889,1.304426,1.2991989,1.5637116,1.6444936,1.4410436,1.3716302,1.377739,1.403036,1.2024552,1.1622919,1.1115494,1.0902579,1.0829226,1.0988572,1.1387751,1.1435591,1.3625581,1.3547727,0.9177958,0.95153576,0.8589722,0.92395437,0.9504971,0.9265296,0.8845593,0.88519883,0.85671043,0.88638556
1.5906311,1.5765473,1.4180173,1.4184682,1.6058884,1.6493673,1.453846,1.4870148,1.4803679,1.4796506,1.5615356,1.5625112,1.8617212,1.8262763,1.3344778,1.3120158,1.5999973,1.6517583,1.6194189,1.6956421,1.2944716,1.3068283,1.2145096,1.185206,1.3945159,1.4210156,1.8572395,1.878622,1.5221406,1.533418,1.6383314,1.6120715,1.3272173,1.3459986,1.2342155,1.2445148,1.309293,1.3256414,1.2985293,1.3257995,1.6603491,1.6276151,1.1501911,1.1727364,0.9077632,0.95056427,1.060961,1.0462817,0.9796284,0.9712622,0.98203874,0.9831063
1.4770725,1.489463,1.4195989,1.4185352,1.4916869,1.5343978,1.4181128,1.3862506,1.3646076,1.3820719,1.405938,1.4610192,1.6557046,1.6570936,1.3562828,1.3209369,1.5157061,1.5486599,1.526344,1.5431366,1.3108759,1.3424665,1.3058904,1.2933853,1.4776821,1.5033276,1.5282317,1.6713867,1.5262892,1.5367496,1.6405772,1.6588302,1.3017977,1.3252767,1.2211573,1.2202564,1.1830771,1.2117358,1.1010772,1.0622088,1.6385678,1.6267235,1.1347312,1.170606,0.9643009,0.9378501,1.060529,1.045097,1.0336838,1.023876,0.98319906,0.9887764
1.1298094,1.1291134,1.2055384,1.1914606,1.256954,1.1657374,1.094957,1.1387802,1.1057636,1.0979382,1.1406444,1.1200633,1.245769,1.215165,1.0400585,0.9852803,1.2119372,1.2615949,1.2005901,1.2426403,1.1047876,1.0438355,1.0607609,1.0399848,1.2520791,1.2346852,1.4174086,1.4385175,1.3367497,1.2572771,1.2724415,1.2286087,1.0700428,1.000806,1.0927488,1.0731831,1.0467365,1.0810516,0.97820073,0.9789442,1.4652896,1.3995963,1.0490507,1.0318309,0.8353146,0.9047073,0.91003036,0.8834108,0.8747848,0.8546889,0.8713885,0.84297115
1.4709754,1.4519784,1.3593982,1.3639691,1.5213466,1.5332568,1.2778635,1.2990692,1.2611128,1.3521107,1.4147335,1.479908,1.5709964,1.542606,1.2852805,1.2051073,1.4129664,1.4304943,1.4400893,1.4162515,1.2790272,1.3223163,1.1871245,1.192853,1.4096172,1.4334791,1.8550471,1.9664415,1.480408,1.4572746,1.5269754,1.5884906,1.2786249,1.2902174,1.1554357,1.1816664,1.1778865,1.2190436,1.1536336,1.1469964,1.5117804,1.5142004,1.1194904,1.0813029,0.89309114,0.9452251,0.98121464,1.005665,0.92469895,0.9476637,0.92887926,0.9514435
1.2674289,1.2554847,1.2644745,1.2667823,1.3387822,1.3751101,1.3123786,1.3034956,1.2766318,1.2798309,1.2707303,1.252418,1.4613847,1.4234374,1.147767,1.0980511,1.3752456,1.3679237,1.2546082,1.3200297,1.1199313,1.1432923,1.091091,1.1074806,1.1475319,1.153845,1.3912623,1.4738473,1.2447116,1.2590632,1.2836574,1.2545986,1.1694658,1.1816685,1.1087865,1.1067051,1.2801229,1.2243139,1.1847627,1.1753587,1.7623796,1.6254398,1.2033908,1.1812636,0.94005656,0.9427901,0.97635704,0.97131014,0.88800436,0.9141008,0.9526033,0.9815624
1.3364697,1.2822491,1.2413683,1.2034069,1.3766533,1.3486042,1.3659359,1.3545728,1.287224,1.2497301,1.3552276,1.3252007,1.5596471,1.4781204,1.0926889,1.0376194,1.3849324,1.3669834,1.3319126,1.3587974,1.2114583,1.1984249,1.1937985,1.1993273,1.3037595,1.3337204,1.4243541,1.4277588,1.3896918,1.3667053,1.4295532,1.3762861,1.1678367,1.1098007,1.0860642,1.0839679,1.1197644,1.1173352,1.0105217,0.98055214,1.421353,1.3811841,1.0307752,1.0031745,0.87348664,0.93294764,0.9895791,0.94510674,0.9217436,0.92373174,0.86329645,0.82678187
1.4704725,1.4865134,1.4119617,1.4045587,1.5520853,1.520455,1.2838117,1.2855436,1.2575468,1.2577192,1.4251181,1.3996869,1.6373862,1.610633,1.3190651,1.354335,1.513411,1.5579909,1.5324488,1.56492,1.3239233,1.291011,1.2140582,1.1826535,1.3749285,1.3604099,1.582728,1.6568352,1.4164838,1.396347,1.430596,1.4919455,1.3289704,1.3012949,1.2240449,1.2116305,1.2129207,1.21878,1.2676406,1.2373054,1.532863,1.5112615,1.0592126,1.0597267,0.8707891,0.92707473,1.0718453,1.051095,0.96516544,0.9662353,0.9432095,0.96210235
1.3977882,1.4126292,1.3240258,1.3541656,1.4449754,1.4762208,1.3884991,1.350303,1.3801122,1.3533151,1.4691765,1.4798249,1.6624495,1.647911,1.2767512,1.2349608,1.5539651,1.485181,1.5751005,1.5974449,1.284472,1.2858369,1.2506927,1.2478263,1.4266065,1.418299,1.5950454,1.5814905,1.4956892,1.4558775,1.5700039,1.5441098,1.2988145,1.2909667,1.1538194,1.1660924,1.2555139,1.2469718,1.1580632,1.1877637,1.6406199,1.6854285,1.1521218,1.1616467,0.89970917,0.9378291,1.0721399,1.0713706,0.9928282,1.0145451,0.93770933,0.9465305
1.2499058,1.2641575,1.3107935,1.3250989,1.3632046,1.3732156,1.2841362,1.2465094,1.213061,1.1788806,1.2831002,1.2628541,1.4648647,1.4500263,1.1552452,1.1404318,1.350435,1.3701738,1.4189895,1.4639019,1.1698296,1.1581504,1.148654,1.1557688,1.3207082,1.3264511,1.6075976,1.5835811,1.4471085,1.3757393,1.4628685,1.4078825,1.1888664,1.1525897,1.2419537,1.2134209,1.2304488,1.2381976,1.2900041,1.3260801,1.6184382,1.5955017,1.1637356,1.1649247,0.9576413,0.9377038,1.0224464,1.0115184,0.9681002,0.96540564,0.9707704,0.94989
1.220881,1.2092249,1.1446114,1.1467814,1.279884,1.2757081,1.2282932,1.2309227,1.1566606,1.1573763,1.2281327,1.2247106,1.3987745,1.3844635,1.0730045,1.0462053,1.315328,1.2867713,1.2584054,1.303772,1.0924746,1.0832323,1.0934314,1.0904665,1.1848719,1.2083235,1.2886515,1.318328,1.2565615,1.2183858,1.3259296,1.3230106,1.0764505,1.0639777,1.1320748,1.1264405,1.1282059,1.13425,0.99101794,0.9844661,1.3534185,1.3289385,1.0043796,1.028937,0.90034467,0.9557546,0.9696691,0.9573392,0.90439725,0.9390498,0.8816185,0.90174437
1.4030288,1.3819228,1.2748071,1.2952713,1.4531409,1.4619856,1.4989158,1.5213246,1.3193574,1.35627,1.2985008,1.3348119,1.5842639,1.5565482,1.1547465,1.1682808,1.4688747,1.531981,1.3663201,1.4200956,1.1556852,1.1809535,1.0915518,1.1252719,1.2933403,1.322513,1.5783536,1.5940692,1.413512,1.3598363,1.4084492,1.440502,1.0857403,1.1354408,1.1494669,1.1532775,1.2041999,1.2297777,0.98480684,0.9867926,1.4743643,1.4637419,1.1161693,1.1537246,0.9387839,0.9373746,0.9350734,0.9570209,0.895718,0.9023434,0.9469061,0.9570222
1.4404398,1.4477423,1.2703834,1.3235276,1.4991574,1.5507556,1.4581507,1.4827962,1.4152998,1.4711411,1.382537,1.4345715,1.5986798,1.6985346,1.2146152,1.1896703,1.4987566,1.5911894,1.4047264,1.6862332,1.2057575,1.2654352,1.1216757,1.2361914,1.2439368,1.4691594,1.7274642,2.009409,1.4953965,1.5650669,1.4793584,1.5924582,1.2069339,1.2092637,1.252797,1.2530015,1.298248,1.3334763,1.0171261,1.1136514,1.6143985,1.6181456,1.1826932,1.2718881,0.9466759,0.93900937,0.92740273,1.0113646,0.869271,0.92249763,1.0019933,1.018362
1.330987,1.350115,1.2467489,1.2832688,1.3673701,1.3956327,1.3865005,1.335033,1.2594126,1.3040116,1.2815577,1.2705678,1.5836728,1.553291,1.1127579,1.0294487,1.4217339,1.423137,1.4234009,1.4330553,1.1481799,1.1549363,1.0822922,1.0689491,1.2818165,1.3215532,1.5692185,1.6229186,1.3431058,1.3543051,1.4092674,1.4316344,1.1236749,1.150276,1.0787034,1.078282,1.0623995,1.0706117,0.9547113,1.0093144,1.4507475,1.4618099,1.0300318,1.0811133,0.8638609,0.9134997,0.91316366,0.8882956,0.88304675,0.80125636,0.8541505,0.8500266
1.3362716,1.330113,1.3118694,1.3495998,1.3748281,1.441271,1.2912625,1.2807207,1.2610302,1.2955122,1.3520762,1.3694944,1.5292144,1.5215833,1.2008939,1.1635987,1.3625755,1.3883669,1.3723403,1.3784565,1.2066344,1.2548478,1.1520875,1.1899304,1.3608601,1.3868738,1.6979388,1.7396867,1.4392288,1.408821,1.5338515,1.5312843,1.1869407,1.2214234,1.0803765,1.0870956,1.2165078,1.2186494,1.0923183,1.0766113,1.4548014,1.4868557,1.0397751,1.0948921,0.9033443,0.928206,0.93977445,0.9572587,0.9382406,0.92530113,0.9327991,0.9554682
1.3443561,1.2945353,1.3216105,1.2967037,1.4092635,1.4415447,1.3603768,1.3138671,1.2142712,1.2902422,1.3068027,1.2934365,1.5092235,1.4453688,1.1359954,1.0842189,1.4457567,1.3719987,1.4453045,1.4060732,1.2419211,1.2612673,1.1667751,1.1825718,1.2992245,1.3131087,1.5445653,1.5528415,1.3767054,1.3260581,1.4602015,1.3673817,1.1937641,1.2323326,1.1877391,1.2033106,1.2622782,1.2840774,0.9812589,0.9969468,1.5790823,1.5598998,1.1342142,1.170005,0.9221003,0.93761235,0.979675,0.9702617,0.93157,0.9173118,0.95164335,0.95168346
1.2854009,1.2922872,1.2442205,1.2472876,1.3310581,1.3716601,1.2167921,1.2434292,1.1306138,1.1485088,1.2969555,1.2661023,1.4551924,1.4587003,1.1578199,1.0947837,1.2662665,1.3004962,1.3984673,1.4036176,1.1650568,1.1534142,1.121459,1.1192532,1.3421885,1.3587109,1.5616388,1.6666443,1.3934942,1.3937159,1.4700196,1.5171084,1.1358323,1.1342705,1.2247348,1.210027,1.2295421,1.202337,1.0404986,1.0226303,1.4625249,1.4659004,1.0490001,1.0881404,0.9069469,0.9406032,0.95482814,0.9529697,0.9102001,0.9110629,0.8718211,0.88468003
1.0914221,1.1142492,1.0583,1.0942835,1.1493995,1.2059003,1.0608636,1.0820869,1.0636213,1.0891528,1.116851,1.1470335,1.2620348,1.2554382,0.9852761,0.93184334,1.1371127,1.1577069,1.1391459,1.184689,1.0022198,1.0474582,0.9948261,1.011314,1.1323711,1.131298,1.3584436,1.4866556,1.1938311,1.2188994,1.1983364,1.2977214,0.986919,1.0003908,1.0955764,1.0869306,1.082298,1.1069542,1.0395577,1.0538288,1.3959777,1.3650186,1.0344752,1.0242101,0.85509497,0.91997373,0.93923604,0.92801076,0.8776213,0.888057,0.8497118,0.8690386
1.2906094,1.271477,1.2186207,1.2027987,1.3244734,1.3095534,1.2581341,1.2145065,1.1712251,1.1612811,1.2691731,1.2356049,1.4132328,1.414835,1.1270177,1.0768536,1.2992587,1.2849233,1.2766775,1.3203381,1.1723417,1.1466223,1.0974674,1.0912038,1.256363,1.2204665,1.3034557,1.3375744,1.2682673,1.250559,1.3301598,1.3476632,1.1130996,1.0965251,1.0567274,1.0421768,1.121529,1.1383084,0.9465286,0.96865326,1.4197315,1.3860768,1.0319017,1.0269585,0.8365953,0.91403675,0.9532705,0.940902,0.8661649,0.88879764,0.8690702,0.87180257
1.3739911,1.3839382,1.3324219,1.3931478,1.4185903,1.4987121,1.3785149,1.35962,1.3315498,1.3645247,1.3659304,1.3963313,1.5131482,1.5664598,1.2203348,1.2111033,1.497796,1.4505337,1.3601936,1.4543495,1.2337723,1.2747334,1.1635425,1.195942,1.3013955,1.3917342,1.5823735,1.6406045,1.4013717,1.4691877,1.4998122,1.5016207,1.213047,1.2525518,1.2129436,1.2097197,1.2499971,1.2753646,1.0686398,1.0263218,1.5911496,1.6366856,1.0824375,1.1351506,0.8975373,0.93634826,0.9039521,0.9466202,0.90369856,0.9080758,0.92190284,0.92057806
1.3044811,1.275046,1.262983,1.2914847,1.3742265,1.3828393,1.1856959,1.2099335,1.1567007,1.1615138,1.2017292,1.2317734,1.4264935,1.4315101,1.1365737,1.1037273,1.3006201,1.3701202,1.4280864,1.4700885,1.1398492,1.161459,1.1471859,1.1328468,1.3621501,1.3367234,1.7585802,1.6936986,1.4613029,1.4334949,1.3914703,1.3439413,1.1933793,1.1661631,1.0592979,1.0705938,1.2654585,1.2935528,1.0719868,1.0660009,1.5861633,1.5734408,1.1313115,1.1632775,0.9069105,0.92882174,1.0445704,1.0317293,0.91407555,0.9296643,0.96965396,1.0041419
1.3077959,1.2701572,1.230242,1.2299623,1.3048818,1.3284316,1.2926857,1.2020708,1.1962572,1.1602429,1.2514101,1.2583107,1.4105471,1.3599067,1.0944215,1.1059155,1.3686011,1.3299601,1.2562929,1.2690983,1.1165673,1.1494471,1.1063219,1.114625,1.2491652,1.2636436,1.3260894,1.4131163,1.3788655,1.3039399,1.3744564,1.3551421,1.0501531,1.0746123,0.9871195,1.0049132,1.0699499,1.0520293,1.0646777,0.95769656,1.5347341,1.4560843,1.0775261,1.0176996,0.8714495,0.9315663,0.891144,0.9028483,0.87881035,0.89725655,0.87125206,0.8492171
1.262027,1.2561961,1.2003627,1.2073331,1.3366159,1.3063124,1.2139117,1.2601327,1.2281219,1.2050911,1.2807795,1.2365757,1.3802453,1.4186082,1.0648123,1.0347251,1.3050171,1.3275018,1.3456342,1.3796724,1.1489255,1.1357745,1.1410749,1.1126405,1.3156627,1.32379,1.4130908,1.5665628,1.3353424,1.3683071,1.3080925,1.4569633,1.0963371,1.036938,1.1466112,1.1301674,1.1662261,1.19685,1.1320997,1.1215408,1.5106734,1.4881358,1.0608509,1.0666355,0.8748577,0.93166345,0.939867,0.94137245,0.91648793,0.9150912,0.91363883,0.9024936
1.2991174,1.3084265,1.2482896,1.2330635,1.30539,1.3656543,1.3185784,1.3383993,1.2491729,1.3339773,1.3275775,1.3483984,1.5185552,1.4941639,1.1992322,1.1589134,1.3990321,1.4167837,1.3930211,1.3796687,1.2115291,1.2081184,1.208359,1.1752326,1.3430779,1.3578123,1.4953835,1.537871,1.4014568,1.4108497,1.4688368,1.4986322,1.1901116,1.2031409,1.1424757,1.1454345,1.221942,1.2322327,1.1262991,1.1590441,1.516307,1.5143021,1.0759677,1.1294514,0.9278486,0.9480363,0.9904723,0.99188316,0.944837,0.93247426,0.95568573,0.9572044
1.1594526,1.1655272,1.1379427,1.115934,1.2262732,1.2425439,1.1769787,1.1928749,1.1737317,1.1683563,1.227703,1.2070364,1.4330201,1.4339502,1.0149815,1.0332798,1.2613212,1.2608161,1.323649,1.3699858,1.1312509,1.1089729,1.103889,1.0685024,1.2941964,1.3183324,1.5627075,1.6259019,1.3765985,1.3593216,1.4349546,1.4761084,1.0333474,1.046897,1.1355932,1.1441085,1.1091508,1.1232524,0.9553609,0.9909692,1.3708696,1.3522158,0.994409,1.0165299,0.8434389,0.92497444,0.97054017,0.93782324,0.8997208,0.8554585,0.85534203,0.84539884
1.3132329,1.3236345,1.234862,1.2536767,1.3496157,1.3925203,1.2733989,1.2627386,1.2567197,1.2762566,1.335104,1.334575,1.4829456,1.4461976,1.2178233,1.2223604,1.413772,1.415767,1.3051401,1.3830614,1.140641,1.172751,1.0971237,1.095568,1.2566862,1.2528745,1.4141247,1.4612224,1.3027141,1.3037972,1.3804007,1.3827627,1.209937,1.251873,1.1185437,1.0996764,1.1754055,1.1871276,1.2279252,1.1885242,1.5389788,1.5159019,1.11957,1.1484773,0.9311164,0.93728054,0.982831,0.99829024,0.9293512,0.94951534,0.958732,0.94862795
1.3563559,1.3562347,1.1900551,1.2116567,1.3585243,1.3906115,1.5169208,1.5064081,1.2639573,1.2984966,1.2756392,1.29584,1.5018053,1.5190719,1.1421983,1.1428356,1.3910683,1.4198024,1.2909018,1.308179,1.1313117,1.1368784,1.1476923,1.1747978,1.2204636,1.2465104,1.3386372,1.4814241,1.318783,1.3597237,1.3153338,1.4013168,1.0729612,1.079505,1.2430165,1.2245679,1.0385684,1.0681388,0.9600864,0.94647384,1.2876298,1.2987605,1.0285026,1.0446,0.96300787,0.94620425,0.95878404,0.96528566,0.955174,0.9736829,0.89278185,0.89401764
1.3863605,1.4081185,1.3272923,1.3320066,1.4048454,1.4197073,1.3445657,1.354381,1.2820475,1.3125404,1.3843107,1.3998717,1.5468236,1.5494465,1.139463,1.1272626,1.3633299,1.4139211,1.4307896,1.478424,1.2208873,1.2501084,1.1883866,1.1826442,1.3932301,1.3986326,1.5294309,1.5874696,1.4325951,1.4499085,1.4836121,1.5562117,1.1635277,1.1752025,1.1834646,1.1657184,1.2261984,1.2517891,1.358945,1.3578728,1.6463403,1.6328541,1.1765672,1.1326206,0.94324785,0.95023483,1.0736605,1.0951489,0.9875446,0.9993555,0.9277369,0.953249
1.3110837,1.3586286,1.2974206,1.340498,1.4045166,1.4613239,1.3002561,1.353534,1.293653,1.3055923,1.3845576,1.4464101,1.6473231,1.6589228,1.1182479,1.1350484,1.4592702,1.5069176,1.4209902,1.4963158,1.2434568,1.30067,1.1746688,1.2317059,1.3785956,1.4315207,1.5922664,1.5749481,1.5090473,1.5102209,1.5011199,1.546206,1.1898757,1.2224187,1.1769694,1.1757888,1.2119963,1.2428488,1.0734344,1.0847527,1.4340713,1.4770714,1.0697014,1.0949692,0.90443873,0.92661387,0.96450466,0.9620369,0.8763415,0.88558024,0.9713289,0.95010406
1.279395,1.2408812,1.2776452,1.2723292,1.2915833,1.3281007,1.3205627,1.2320873,1.167166,1.2079908,1.252575,1.2912451,1.5055159,1.4356568,1.0282867,0.9835321,1.3767707,1.3228036,1.3412204,1.3936813,1.1288335,1.1668882,1.0875791,1.1062577,1.3213919,1.3003751,1.5908593,1.5659674,1.3736737,1.3620731,1.4971627,1.4495889,1.0191747,1.1101686,1.1147714,1.1234311,1.2100476,1.2073238,1.0704389,1.0781264,1.634881,1.5939914,1.1629581,1.1560462,0.9006466,0.93105966,0.92751706,0.9368919,0.89009154,0.8825625,0.9363788,0.92535055
1.409364,1.4116818,1.3365884,1.341099,1.5321198,1.5473009,1.3789321,1.3790926,1.4278696,1.424267,1.4763355,1.4903305,1.7094309,1.7135478,1.2340935,1.1981066,1.4710752,1.5232723,1.4335256,1.4427443,1.3498479,1.3319056,1.34376,1.2829204,1.5758384,1.5667337,1.6715858,1.6703932,1.623503,1.5860522,1.6438154,1.6379994,1.3109286,1.2802343,1.2297376,1.2099112,1.1934404,1.2225106,1.1380553,1.1790141,1.6669412,1.6415787,1.0894909,1.1068444,0.9749945,0.9589287,1.0167621,1.0205166,0.95494604,0.91226697,0.97005385,0.9393791
1.5342577,1.5245833,1.4808569,1.4505398,1.6549661,1.6318887,1.3883909,1.417724,1.3976729,1.398652,1.5563084,1.5536631,1.7269096,1.7174447,1.3810049,1.3172206,1.6577208,1.6737055,1.5771958,1.6072836,1.340389,1.3349061,1.2514372,1.2521688,1.4475691,1.4725238,1.8180625,1.8551823,1.5231879,1.5203787,1.573743,1.6579186,1.3783622,1.3544204,1.1797578,1.1866283,1.3071288,1.3152252,1.3325548,1.3165617,1.6121267,1.582035,1.0941777,1.1040887,0.88508,0.95063084,1.0800219,1.0803462,0.990076,0.99442333,0.94063133,0.9428439
1.2106335,1.2176762,1.1984195,1.1819633,1.3047342,1.290576,1.1585534,1.2006907,1.1512746,1.145151,1.1817197,1.1578175,1.2637031,1.2946461,1.0576341,1.017561,1.2448405,1.2570034,1.2221417,1.2570125,1.1302556,1.1168642,1.0784262,1.0577596,1.1792718,1.1651525,1.330952,1.3838531,1.2317479,1.2384884,1.2121359,1.1969231,1.1066852,1.115461,1.0925651,1.0781515,1.0682675,1.0703908,0.93678176,0.9520121,1.3653322,1.3403155,0.99729866,1.0128565,0.8755402,0.9226822,0.9211726,0.9313428,0.9120798,0.8735154,0.86273235,0.8629353
1.3660045,1.3787637,1.3353283,1.3200952,1.419122,1.3926566,1.4323943,1.4235255,1.3432286,1.2803118,1.4158862,1.366783,1.6471708,1.6216582,1.249933,1.2247797,1.4435204,1.4199238,1.4047191,1.4776742,1.2502587,1.2155503,1.2250443,1.2061431,1.4242618,1.3695174,1.764322,1.6775254,1.4782691,1.4861257,1.4947217,1.4809247,1.2359153,1.205901,1.1209104,1.1285826,1.1440816,1.1424713,0.95827127,0.9808634,1.5024805,1.4846658,1.0588527,1.0740564,0.89568037,0.9449536,0.9908255,0.9870727,0.98580194,0.9960365,0.9379448,0.9314794
1.3463371,1.3887038,1.2784611,1.3170662,1.4193896,1.4891226,1.3595647,1.3979272,1.2737621,1.326344,1.3316064,1.3599985,1.5189804,1.5496216,1.1859301,1.1739043,1.4682596,1.4909968,1.3730145,1.349893,1.2207404,1.2737293,1.2183831,1.1951772,1.44506,1.4180794,1.6280572,1.6527177,1.4963682,1.4279476,1.4898381,1.4673846,1.2205204,1.2608486,1.1220338,1.1188282,1.1551304,1.166514,1.112245,1.111581,1.4256914,1.449368,0.93926674,1.0145475,0.8939833,0.9423168,0.9758625,0.99673057,0.9342556,0.9321157,0.9049907,0.91359925
1.4882796,1.4595238,1.391227,1.361679,1.5653453,1.5061381,1.4278606,1.4452572,1.4703962,1.4127027,1.4161168,1.3800704,1.6859411,1.6609256,1.1827347,1.2217832,1.4855968,1.4981202,1.6017256,1.6793425,1.294616,1.2721716,1.2668891,1.273897,1.5788804,1.5627955,1.8611398,2.0667448,1.7153708,1.6750165,1.6977198,1.7230157,1.199373,1.1936508,1.2273835,1.2048486,1.2415208,1.2522284,1.2984244,1.2739828,1.9111195,1.7655141,1.2451898,1.1838925,0.9893275,0.9565393,1.0522087,1.0498233,1.0396098,1.0246564,0.9930817,0.9897683
1.302849,1.2696731,1.2472141,1.2130156,1.3284358,1.3258116,1.2399346,1.1888466,1.1511078,1.172405,1.2127321,1.2066725,1.3861241,1.3710687,1.1562562,1.1464993,1.3839979,1.4102569,1.3647006,1.3601538,1.1370217,1.129255,1.094965,1.1100371,1.1841674,1.2327489,1.4084673,1.4473498,1.3051319,1.2513222,1.3212718,1.3466156,1.1202409,1.1514353,1.1071132,1.1106973,1.1379988,1.1617197,1.2277863,1.184157,1.2905061,1.285951,0.97527874,0.9773051,0.89517194,0.91980964,0.99650836,0.9750214,0.93540305,0.91711617,0.9268688,0.94252867
1.3383746,1.3255543,1.2049773,1.2065554,1.4021983,1.3918631,1.2912565,1.2865427,1.2448391,1.1998445,1.322243,1.289011,1.5212187,1.5257937,1.2086234,1.2120739,1.4281471,1.4050156,1.4034896,1.4464092,1.15299,1.1371936,1.0964831,1.065664,1.2396809,1.2298994,1.6398834,1.7007957,1.359864,1.3280655,1.3889041,1.402489,1.2035136,1.1768205,1.0238663,0.94288754,1.1564094,1.157173,1.2409196,1.2347277,1.4305347,1.420584,0.9213695,0.9453525,0.8076477,0.88375187,0.95230037,0.9410514,0.8825012,0.87287307,0.8447531,0.8362393
1.1571754,1.213223,1.1171521,1.1291652,1.2583296,1.3041793,1.1822767,1.1634277,1.1387801,1.1408734,1.1198853,1.2038585,1.2700181,1.3672245,0.9714357,0.9646303,1.214419,1.241572,1.2079482,1.2382982,1.0445431,1.0559286,1.0348936,1.0291332,1.2340866,1.2767106,1.4820808,1.6269765,1.3253822,1.3473011,1.3272668,1.5167345,1.0427872,1.0186785,1.0412832,0.97975117,1.1504122,1.1843239,1.0868255,1.1371382,1.4642587,1.445501,1.0717198,1.0674024,0.92040265,0.9240886,0.89216167,0.900709,0.84900326,0.8328032,0.92462486,0.9098282
